Code,Naam,ProcesType,Grootheid.Code,Compartiment.Code,Parameter_Wat_Omschrijving,WaardeBewerkingsMethode.Code,Typering.Code,Parameter.Code,Groepering.Code,Hoedanigheid.Code,Eenheid.Code
dodewaard,Dodewaard,meting,NVT,OW,Levendigheid in Oppervlaktewater in cm2,NVT,LEVDHD,NVT,,NVT,cm2
dodewaard,Dodewaard,meting,NVT,OW,IJsdek in Oppervlaktewater,NVT,IJSDK,NVT,,NVT,DIMSLS
dodewaard,Dodewaard,meting,T,OW,Temperatuur in Oppervlaktewater in oC,NVT,NVT,NVT,,NVT,oC
dodewaard,Dodewaard,meting,WATHTE,OW,Waterhoogte in Oppervlaktewater t.o.v. Normaal Amsterdams Peil in cm,NVT,NVT,NVT,,NAP,cm
dodewaard,Dodewaard,verwachting,WATHTE,OW,Waterhoogte verwachting in Oppervlaktewater t.o.v. Normaal Amsterdams Peil in cm,NVT,NVT,NVT,,NAP,cm
lobith.bovenrijn.haven,"Lobith, Bovenrijn, haven",meting,NVT,OW,Levendigheid in Oppervlaktewater in cm2,NVT,LEVDHD,NVT,,NVT,cm2
lobith.bovenrijn.haven,"Lobith, Bovenrijn, haven",meting,T,OW,Temperatuur in Oppervlaktewater in oC,NVT,NVT,NVT,,NVT,oC
lobith.bovenrijn.haven,"Lobith, Bovenrijn, haven",meting,WATHTE,OW,Waterhoogte in Oppervlaktewater t.o.v. Normaal Amsterdams Peil in cm,NVT,NVT,NVT,,NAP,cm
lobith.bovenrijn.tolkamer,"Lobith, Bovenrijn, Tolkamer",meting,50%_L,OW,Percentielen per etmaal Levendigheid 50 percentiel van de levendigheid in Oppervlaktewater in cm2,other:%24H,LEVDHD,NVT,LEVDHD5,NVT,cm2
lobith.bovenrijn.tolkamer,"Lobith, Bovenrijn, Tolkamer",meting,70%_L,OW,Percentielen per etmaal Levendigheid 70 percentiel van de levendigheid in Oppervlaktewater in cm2,other:%24H,LEVDHD,NVT,LEVDHD5,NVT,cm2
lobith.bovenrijn.tolkamer,"Lobith, Bovenrijn, Tolkamer",meting,80%_L,OW,Percentielen per etmaal Levendigheid 80 percentiel van de levendigheid in Oppervlaktewater in cm2,other:%24H,LEVDHD,NVT,LEVDHD5,NVT,cm2
lobith.bovenrijn.tolkamer,"Lobith, Bovenrijn, Tolkamer",meting,90%_L,OW,Percentielen per etmaal Levendigheid 90 percentiel van de levendigheid in Oppervlaktewater in cm2,other:%24H,LEVDHD,NVT,LEVDHD5,NVT,cm2
lobith.bovenrijn.tolkamer,"Lobith, Bovenrijn, Tolkamer",meting,NVT,OW,Levendigheid in Oppervlaktewater in cm2,NVT,LEVDHD,NVT,,NVT,cm2
lobith.bovenrijn.tolkamer,"Lobith, Bovenrijn, Tolkamer",meting,NVT,OW,Percentielen per etmaal Levendigheid in Oppervlaktewater in cm2,other:%24H,LEVDHD,NVT,LEVDHD5,NVT,cm2
lobith.bovenrijn.tolkamer,"Lobith, Bovenrijn, Tolkamer",meting,Q,OW,Etmaalgemiddelde Debiet in Oppervlaktewater in m3/s,GEM24H,NVT,NVT,,NVT,m3/s
lobith.bovenrijn.tolkamer,"Lobith, Bovenrijn, Tolkamer",meting,Q,OW,Debiet in Oppervlaktewater in m3/s,NVT,NVT,NVT,,NVT,m3/s
lobith.bovenrijn.tolkamer,"Lobith, Bovenrijn, Tolkamer",meting,T,OW,Etmaalgemiddelde Temperatuur in Oppervlaktewater in oC,GEM24H,NVT,NVT,,NVT,oC
lobith.bovenrijn.tolkamer,"Lobith, Bovenrijn, Tolkamer",meting,T,OW,Temperatuur in Oppervlaktewater in oC,NVT,NVT,NVT,,NVT,oC
lobith.bovenrijn.tolkamer,"Lobith, Bovenrijn, Tolkamer",meting,WATHTE,OW,Waterhoogte in Oppervlaktewater t.o.v. Normaal Amsterdams Peil in cm,NVT,NVT,NVT,,NAP,cm
lobith.bovenrijn.tolkamer,"Lobith, Bovenrijn, Tolkamer",verwachting,Q,OW,Debiet verwachting in Oppervlaktewater in m3/s,NVT,NVT,NVT,,NVT,m3/s
lobith.bovenrijn.tolkamer,"Lobith, Bovenrijn, Tolkamer",verwachting,WATHTE,OW,Waterhoogte verwachting in Oppervlaktewater t.o.v. Normaal Amsterdams Peil in cm,NVT,NVT,NVT,,NAP,cm
lobith.ponton,"Lobith, ponton",meting,AANTL,OE,Aantal in Organisme (biota) in Rutilus rutilus n,NVT,NVT,NVT,,NVT,n
lobith.ponton,"Lobith, ponton",meting,AANTPVLME,OW,Aantal per volume Escherichia coli in Oppervlaktewater in n/l,NVT,NVT,E_COLI,,NVT,n/l
lobith.ponton,"Lobith, ponton",meting,AANTPVLME,OW,Aantal per volume Intestinale enterococcen in Oppervlaktewater in n/l,NVT,NVT,INTTNLETRCCN,,NVT,n/l
lobith.ponton,"Lobith, ponton",meting,AANTPVLME,OW,Aantal per volume Thermotolerante Coli's (incubatie bij 44 C) in Oppervlaktewater in n/l,NVT,NVT,THERMTLRTCLS,,NVT,n/l
lobith.ponton,"Lobith, ponton",meting,AANTPVLME,OW,Aantal per volume Totaal Coli's (incubatie bij 37 C) in Oppervlaktewater in n/l,NVT,NVT,TOTCLS,,NVT,n/l
lobith.ponton,"Lobith, ponton",meting,AANWZHD,OW,Aanwezigheid Geur in Oppervlaktewater,NVT,NVT,GEUR,,NVT,DIMSLS
lobith.ponton,"Lobith, ponton",meting,AANWZHD,OW,Aanwezigheid Kleur in Oppervlaktewater,NVT,NVT,KLEUR,,NVT,DIMSLS
lobith.ponton,"Lobith, ponton",meting,AANWZHD,OW,Aanwezigheid Olie in Oppervlaktewater,NVT,NVT,OLE,,NVT,DIMSLS
lobith.ponton,"Lobith, ponton",meting,ACCMLTDR,OE,Accumulatieduur in Organisme (biota) in Dreissena bugensis d,NVT,NVT,NVT,,NVT,d
lobith.ponton,"Lobith, ponton",meting,ACCMLTDR,OE,Accumulatieduur in Organisme (biota) in Dreissena polymorpha d,NVT,NVT,NVT,,NVT,d
lobith.ponton,"Lobith, ponton",meting,ACTVTCCTTE,ZS,Activiteitsconcentratie zilver 110m (metastabiel) in Zwevende stof t.o.v. drooggewicht in Bq/kg,NVT,NVT,Ag110m,,dg,Bq/kg
lobith.ponton,"Lobith, ponton",meting,ACTVTCCTTE,ZS,Activiteitsconcentratie americium 241 in Zwevende stof t.o.v. drooggewicht in Bq/kg,NVT,NVT,Am241,,dg,Bq/kg
lobith.ponton,"Lobith, ponton",meting,ACTVTCCTTE,ZS,Activiteitsconcentratie beryllium 7 in Zwevende stof t.o.v. drooggewicht in Bq/kg,NVT,NVT,Be7,,dg,Bq/kg
lobith.ponton,"Lobith, ponton",meting,ACTVTCCTTE,ZS,Activiteitsconcentratie bismuth 214 in Zwevende stof t.o.v. drooggewicht in Bq/kg,NVT,NVT,Bi214,,dg,Bq/kg
lobith.ponton,"Lobith, ponton",meting,ACTVTCCTTE,ZS,Activiteitsconcentratie kobalt 58 in Zwevende stof t.o.v. drooggewicht in Bq/kg,NVT,NVT,Co58,,dg,Bq/kg
lobith.ponton,"Lobith, ponton",meting,ACTVTCCTTE,ZS,Activiteitsconcentratie kobalt 60 in Zwevende stof t.o.v. drooggewicht in Bq/kg,NVT,NVT,Co60,,dg,Bq/kg
lobith.ponton,"Lobith, ponton",meting,ACTVTCCTTE,ZS,Activiteitsconcentratie cesium 134 in Zwevende stof t.o.v. drooggewicht in Bq/kg,NVT,NVT,Cs134,,dg,Bq/kg
lobith.ponton,"Lobith, ponton",meting,ACTVTCCTTE,ZS,Activiteitsconcentratie cesium 137 in Zwevende stof t.o.v. drooggewicht in Bq/kg,NVT,NVT,Cs137,,dg,Bq/kg
lobith.ponton,"Lobith, ponton",meting,ACTVTCCTTE,ZS,Activiteitsconcentratie jodium 131 in Zwevende stof t.o.v. drooggewicht in Bq/kg,NVT,NVT,I131,,dg,Bq/kg
lobith.ponton,"Lobith, ponton",meting,ACTVTCCTTE,ZS,Activiteitsconcentratie indium 111 in Zwevende stof t.o.v. drooggewicht in Bq/kg,NVT,NVT,In111,,dg,Bq/kg
lobith.ponton,"Lobith, ponton",meting,ACTVTCCTTE,ZS,Activiteitsconcentratie kalium 40 in Zwevende stof t.o.v. drooggewicht in Bq/kg,NVT,NVT,K40,,dg,Bq/kg
lobith.ponton,"Lobith, ponton",meting,ACTVTCCTTE,ZS,Activiteitsconcentratie lutetium 177 in Zwevende stof t.o.v. drooggewicht in Bq/kg,NVT,NVT,Lu177,,dg,Bq/kg
lobith.ponton,"Lobith, ponton",meting,ACTVTCCTTE,ZS,Activiteitsconcentratie mangaan 54 in Zwevende stof t.o.v. drooggewicht in Bq/kg,NVT,NVT,Mn54,,dg,Bq/kg
lobith.ponton,"Lobith, ponton",meting,ACTVTCCTTE,ZS,Activiteitsconcentratie lood 210 in Zwevende stof t.o.v. drooggewicht in Bq/kg,NVT,NVT,Pb210,,dg,Bq/kg
lobith.ponton,"Lobith, ponton",meting,ACTVTCCTTE,ZS,Activiteitsconcentratie polonium 210 in Zwevende stof t.o.v. drooggewicht in Bq/kg,NVT,NVT,Po210,,dg,Bq/kg
lobith.ponton,"Lobith, ponton",meting,ACTVTCCTTE,ZS,Activiteitsconcentratie radium 226 in Zwevende stof t.o.v. drooggewicht in Bq/kg,NVT,NVT,Ra226,,dg,Bq/kg
lobith.ponton,"Lobith, ponton",meting,ACTVTCCTTE,ZS,Activiteitsconcentratie ruthenium 103 in Zwevende stof t.o.v. drooggewicht in Bq/kg,NVT,NVT,Ru103,,dg,Bq/kg
lobith.ponton,"Lobith, ponton",meting,ACTVTCCTTE,ZS,Activiteitsconcentratie ruthenium 106 in Zwevende stof t.o.v. drooggewicht in Bq/kg,NVT,NVT,Ru106,,dg,Bq/kg
lobith.ponton,"Lobith, ponton",meting,ACTVTCCTTE,ZS,Activiteitsconcentratie thallium 201 in Zwevende stof t.o.v. drooggewicht in Bq/kg,NVT,NVT,Tl201,,dg,Bq/kg
lobith.ponton,"Lobith, ponton",meting,ACTVTCCTTE,ZS,Activiteitsconcentratie thallium 208 in Zwevende stof t.o.v. drooggewicht in Bq/kg,NVT,NVT,Tl208,,dg,Bq/kg
lobith.ponton,"Lobith, ponton",meting,ACTVTCCTTE,ZS,Activiteitsconcentratie Totaal Alfa in Zwevende stof t.o.v. drooggewicht in Bq/kg,NVT,NVT,TOTAFA,,dg,Bq/kg
lobith.ponton,"Lobith, ponton",meting,ACTVTCCTTE,ZS,Activiteitsconcentratie Totaal Beta in Zwevende stof t.o.v. drooggewicht in Bq/kg,NVT,NVT,TOTBTA,,dg,Bq/kg
lobith.ponton,"Lobith, ponton",meting,ACTVTCCTTE,ZS,Activiteitsconcentratie zink 65 in Zwevende stof t.o.v. drooggewicht in Bq/kg,NVT,NVT,Zn65,,dg,Bq/kg
lobith.ponton,"Lobith, ponton",meting,ACTVTCCTTE,OW,Gemiddelde Activiteitsconcentratie actinium 228 in Oppervlaktewater in mBq/l,GEM,NVT,Ac228,,NVT,mBq/l
lobith.ponton,"Lobith, ponton",meting,ACTVTCCTTE,OW,Gemiddelde Activiteitsconcentratie cesium 137 in Oppervlaktewater in mBq/l,GEM,NVT,Cs137,,NVT,mBq/l
lobith.ponton,"Lobith, ponton",meting,ACTVTCCTTE,OW,Activiteitsconcentratie tritium in Oppervlaktewater in mBq/l,NVT,NVT,H3,,NVT,mBq/l
lobith.ponton,"Lobith, ponton",meting,ACTVTCCTTE,OW,Gemiddelde Activiteitsconcentratie kalium 40 in Oppervlaktewater in mBq/l,GEM,NVT,K40,,NVT,mBq/l
lobith.ponton,"Lobith, ponton",meting,ACTVTCCTTE,OW,Activiteitsconcentratie kalium 40 in Oppervlaktewater in mBq/l,NVT,NVT,K40,,NVT,mBq/l
lobith.ponton,"Lobith, ponton",meting,ACTVTCCTTE,OW,Activiteitsconcentratie lood 210 in Oppervlaktewater in mBq/l,NVT,NVT,Pb210,,NVT,mBq/l
lobith.ponton,"Lobith, ponton",meting,ACTVTCCTTE,OW,Activiteitsconcentratie polonium 210 in Oppervlaktewater in mBq/l,NVT,NVT,Po210,,NVT,mBq/l
lobith.ponton,"Lobith, ponton",meting,ACTVTCCTTE,OW,Activiteitsconcentratie radium 226 in Oppervlaktewater in mBq/l,NVT,NVT,Ra226,,NVT,mBq/l
lobith.ponton,"Lobith, ponton",meting,ACTVTCCTTE,OW,Activiteitsconcentratie radium 228 in Oppervlaktewater in mBq/l,NVT,NVT,Ra228,,NVT,mBq/l
lobith.ponton,"Lobith, ponton",meting,ACTVTCCTTE,OW,Activiteitsconcentratie Rest Beta in Oppervlaktewater in mBq/l,NVT,NVT,RESTBTA,,NVT,mBq/l
lobith.ponton,"Lobith, ponton",meting,ACTVTCCTTE,OW,Activiteitsconcentratie strontium 90 in Oppervlaktewater in mBq/l,NVT,NVT,Sr90,,NVT,mBq/l
lobith.ponton,"Lobith, ponton",meting,ACTVTCCTTE,OW,Activiteitsconcentratie som strontium 89 en 90-isotopen in Oppervlaktewater in mBq/l,NVT,NVT,sSr8990,,NVT,mBq/l
lobith.ponton,"Lobith, ponton",meting,ACTVTCCTTE,OW,Activiteitsconcentratie Totaal Alfa in Oppervlaktewater in mBq/l,NVT,NVT,TOTAFA,,NVT,mBq/l
lobith.ponton,"Lobith, ponton",meting,ACTVTCCTTE,OW,Activiteitsconcentratie Totaal Beta in Oppervlaktewater in mBq/l,NVT,NVT,TOTBTA,,NVT,mBq/l
lobith.ponton,"Lobith, ponton",meting,ANMLE,OW,Berekend Anomalie gadolinium in Oppervlaktewater opgeloste fractie (bijv. na filtratie),BER,NVT,Gd,,nf,DIMSLS
lobith.ponton,"Lobith, ponton",meting,BEMSRDR,OW,Bemonsteringsduur in Oppervlaktewater in h,NVT,NVT,NVT,,NVT,h
lobith.ponton,"Lobith, ponton",meting,BEMSRDR,ZS,Bemonsteringsduur in Zwevende stof in h,NVT,NVT,NVT,,NVT,h
lobith.ponton,"Lobith, ponton",meting,CONCTTE,OW,(massa)Concentratie Gloeirest in Oppervlaktewater in %,NVT,NVT,GR,,NVT,%
lobith.ponton,"Lobith, ponton",meting,CONCTTE,OW,(massa)Concentratie koolstof organisch in Oppervlaktewater uitgedrukt in koolstof / opgeloste fractie in mg/l,NVT,NVT,Corg,,Cnf,mg/l
lobith.ponton,"Lobith, ponton",meting,CONCTTE,OW,(massa)Concentratie stikstof Kjeldahl in Oppervlaktewater uitgedrukt in stikstof in mg/l,NVT,NVT,NKj,,N,mg/l
lobith.ponton,"Lobith, ponton",meting,CONCTTE,OW,Gemiddelde (massa)Concentratie nitraat in Oppervlaktewater uitgedrukt in stikstof in mg/l,GEM,NVT,NO3,,N,mg/l
lobith.ponton,"Lobith, ponton",meting,CONCTTE,OW,(massa)Concentratie stikstof totaal in Oppervlaktewater uitgedrukt in stikstof in mg/l,NVT,NVT,Ntot,,N,mg/l
lobith.ponton,"Lobith, ponton",meting,CONCTTE,OW,(massa)Concentratie calcium in Oppervlaktewater opgeloste fractie (bijv. na filtratie) in mg/l,NVT,NVT,Ca,,nf,mg/l
lobith.ponton,"Lobith, ponton",meting,CONCTTE,OW,Gemiddelde (massa)Concentratie chloride in Oppervlaktewater opgeloste fractie (bijv. na filtratie) in mg/l,GEM,NVT,Cl,,nf,mg/l
lobith.ponton,"Lobith, ponton",meting,CONCTTE,OW,(massa)Concentratie chloride in Oppervlaktewater opgeloste fractie (bijv. na filtratie) in mg/l,NVT,NVT,Cl,,nf,mg/l
lobith.ponton,"Lobith, ponton",meting,CONCTTE,OW,(massa)Concentratie Chemisch zuurstofverbruik in Oppervlaktewater opgeloste fractie (bijv. na filtratie) in mg/l,NVT,NVT,CZV,,nf,mg/l
lobith.ponton,"Lobith, ponton",meting,CONCTTE,OW,(massa)Concentratie ijzer in Oppervlaktewater opgeloste fractie (bijv. na filtratie) in mg/l,NVT,NVT,Fe,,nf,mg/l
lobith.ponton,"Lobith, ponton",meting,CONCTTE,OW,(massa)Concentratie magnesium in Oppervlaktewater opgeloste fractie (bijv. na filtratie) in mg/l,NVT,NVT,Mg,,nf,mg/l
lobith.ponton,"Lobith, ponton",meting,CONCTTE,OW,(massa)Concentratie sulfaat in Oppervlaktewater opgeloste fractie (bijv. na filtratie) in mg/l,NVT,NVT,SO4,,nf,mg/l
lobith.ponton,"Lobith, ponton",meting,CONCTTE,OW,Gemiddelde (massa)Concentratie ammonium in Oppervlaktewater uitgedrukt in stikstof / opgeloste fractie in mg/l,GEM,NVT,NH4,,Nnf,mg/l
lobith.ponton,"Lobith, ponton",meting,CONCTTE,OW,Etmaalgemiddelde (massa)Concentratie ammonium in Oppervlaktewater uitgedrukt in stikstof / opgeloste fractie in mg/l,GEM24H,NVT,NH4,,Nnf,mg/l
lobith.ponton,"Lobith, ponton",meting,CONCTTE,OW,(massa)Concentratie ammonium in Oppervlaktewater uitgedrukt in stikstof / opgeloste fractie in mg/l,NVT,NVT,NH4,,Nnf,mg/l
lobith.ponton,"Lobith, ponton",meting,CONCTTE,OW,(massa)Concentratie stikstof Kjeldahl in Oppervlaktewater uitgedrukt in stikstof / opgeloste fractie in mg/l,NVT,NVT,NKj,,Nnf,mg/l
lobith.ponton,"Lobith, ponton",meting,CONCTTE,OW,(massa)Concentratie nitriet in Oppervlaktewater uitgedrukt in stikstof / opgeloste fractie in mg/l,NVT,NVT,NO2,,Nnf,mg/l
lobith.ponton,"Lobith, ponton",meting,CONCTTE,OW,(massa)Concentratie nitraat in Oppervlaktewater uitgedrukt in stikstof / opgeloste fractie in mg/l,NVT,NVT,NO3,,Nnf,mg/l
lobith.ponton,"Lobith, ponton",meting,CONCTTE,OW,(massa)Concentratie som nitraat en nitriet in Oppervlaktewater uitgedrukt in stikstof / opgeloste fractie in mg/l,NVT,NVT,sNO3NO2,,Nnf,mg/l
lobith.ponton,"Lobith, ponton",meting,CONCTTE,OW,(massa)Concentratie bromide in Oppervlaktewater in mg/l,NVT,NVT,Br,,NVT,mg/l
lobith.ponton,"Lobith, ponton",meting,CONCTTE,OW,(massa)Concentratie Biochemisch zuurstofverbruik over 5 dagen in Oppervlaktewater in mg/l,NVT,NVT,BZV5,,NVT,mg/l
lobith.ponton,"Lobith, ponton",meting,CONCTTE,OW,(massa)Concentratie Biochemisch zuurstofverbruik met allylthioureum in Oppervlaktewater in mg/l,NVT,NVT,BZV5a,,NVT,mg/l
lobith.ponton,"Lobith, ponton",meting,CONCTTE,OW,(massa)Concentratie calcium in Oppervlaktewater in mg/l,NVT,NVT,Ca,,NVT,mg/l
lobith.ponton,"Lobith, ponton",meting,CONCTTE,OW,Etmaalgemiddelde (massa)Concentratie chloride in Oppervlaktewater in mg/l,GEM24H,NVT,Cl,,NVT,mg/l
lobith.ponton,"Lobith, ponton",meting,CONCTTE,OW,(massa)Concentratie chloride in Oppervlaktewater in mg/l,NVT,NVT,Cl,,NVT,mg/l
lobith.ponton,"Lobith, ponton",meting,CONCTTE,OW,(massa)Concentratie Chemisch zuurstofverbruik in Oppervlaktewater in mg/l,NVT,NVT,CZV,,NVT,mg/l
lobith.ponton,"Lobith, ponton",meting,CONCTTE,OW,Etmaalgemiddelde (massa)Concentratie fluoride in Oppervlaktewater in mg/l,GEM24H,NVT,F,,NVT,mg/l
lobith.ponton,"Lobith, ponton",meting,CONCTTE,OW,(massa)Concentratie fluoride in Oppervlaktewater in mg/l,NVT,NVT,F,,NVT,mg/l
lobith.ponton,"Lobith, ponton",meting,CONCTTE,OW,(massa)Concentratie ijzer in Oppervlaktewater in mg/l,NVT,NVT,Fe,,NVT,mg/l
lobith.ponton,"Lobith, ponton",meting,CONCTTE,OW,(massa)Concentratie Gloeirest in Oppervlaktewater in mg/l,NVT,NVT,GR,,NVT,mg/l
lobith.ponton,"Lobith, ponton",meting,CONCTTE,OW,(massa)Concentratie waterstofcarbonaat in Oppervlaktewater in mg/l,NVT,NVT,HCO3,,NVT,mg/l
lobith.ponton,"Lobith, ponton",meting,CONCTTE,OW,(massa)Concentratie kalium in Oppervlaktewater in mg/l,NVT,NVT,K,,NVT,mg/l
lobith.ponton,"Lobith, ponton",meting,CONCTTE,OW,(massa)Concentratie magnesium in Oppervlaktewater in mg/l,NVT,NVT,Mg,,NVT,mg/l
lobith.ponton,"Lobith, ponton",meting,CONCTTE,OW,(massa)Concentratie natrium in Oppervlaktewater in mg/l,NVT,NVT,Na,,NVT,mg/l
lobith.ponton,"Lobith, ponton",meting,CONCTTE,OW,Gemiddelde (massa)Concentratie zuurstof in Oppervlaktewater in mg/l,GEM,NVT,O2,,NVT,mg/l
lobith.ponton,"Lobith, ponton",meting,CONCTTE,OW,Zes-uursgemiddelde (massa)Concentratie zuurstof in Oppervlaktewater in mg/l,GEM6H,NVT,O2,,NVT,mg/l
lobith.ponton,"Lobith, ponton",meting,CONCTTE,OW,(massa)Concentratie zuurstof in Oppervlaktewater in mg/l,NVT,NVT,O2,,NVT,mg/l
lobith.ponton,"Lobith, ponton",meting,CONCTTE,OW,(massa)Concentratie Onopgeloste stoffen in Oppervlaktewater in mg/l,NVT,NVT,OS,,NVT,mg/l
lobith.ponton,"Lobith, ponton",meting,CONCTTE,OW,(massa)Concentratie som methyleenblauwactieve stoffen anionactief in Oppervlaktewater in mg/l,NVT,NVT,sMBAS,,NVT,mg/l
lobith.ponton,"Lobith, ponton",meting,CONCTTE,OW,(massa)Concentratie Som pikraatactieve niet ionogene en kationogene detergenten in Oppervlaktewater in mg/l,NVT,NVT,sNOIO,,NVT,mg/l
lobith.ponton,"Lobith, ponton",meting,CONCTTE,OW,(massa)Concentratie totaal organisch koolstof in Oppervlaktewater in mg/l,NVT,NVT,TOC,,NVT,mg/l
lobith.ponton,"Lobith, ponton",meting,CONCTTE,OW,Gemiddelde (massa)Concentratie fosfaat in Oppervlaktewater uitgedrukt in fosfor in mg/l,GEM,NVT,PO4,,P,mg/l
lobith.ponton,"Lobith, ponton",meting,CONCTTE,OW,(massa)Concentratie fosfor totaal in Oppervlaktewater uitgedrukt in fosfor in mg/l,NVT,NVT,Ptot,,P,mg/l
lobith.ponton,"Lobith, ponton",meting,CONCTTE,OW,(massa)Concentratie som orthofosfaat en hydrolyseerbaar fosfaat in Oppervlaktewater uitgedrukt in fosfor in mg/l,NVT,NVT,sPO4,,P,mg/l
lobith.ponton,"Lobith, ponton",meting,CONCTTE,OW,(massa)Concentratie fosfaat in Oppervlaktewater uitgedrukt in fosfor / opgeloste fractie in mg/l,NVT,NVT,PO4,,Pnf,mg/l
lobith.ponton,"Lobith, ponton",meting,CONCTTE,OW,(massa)Concentratie fosfor totaal in Oppervlaktewater uitgedrukt in fosfor / opgeloste fractie in mg/l,NVT,NVT,Ptot,,Pnf,mg/l
lobith.ponton,"Lobith, ponton",meting,CONCTTE,OW,(massa)Concentratie siliciumdioxide in Oppervlaktewater uitgedrukt in silicium / opgeloste fractie in mg/l,NVT,NVT,SiO2,,Sinf,mg/l
lobith.ponton,"Lobith, ponton",meting,CONCTTE,OW,(massa)Concentratie dibutyltin (kation) in Oppervlaktewater in ng/l,NVT,NVT,DC4ySn,,NVT,ng/l
lobith.ponton,"Lobith, ponton",meting,CONCTTE,OW,(massa)Concentratie difenyltin (kation) in Oppervlaktewater in ng/l,NVT,NVT,DFySn,,NVT,ng/l
lobith.ponton,"Lobith, ponton",meting,CONCTTE,OW,(massa)Concentratie tetrabutyltin in Oppervlaktewater in ng/l,NVT,NVT,T4C4ySn,,NVT,ng/l
lobith.ponton,"Lobith, ponton",meting,CONCTTE,OW,(massa)Concentratie tributyltin (kation) in Oppervlaktewater in ng/l,NVT,NVT,TC4ySn,,NVT,ng/l
lobith.ponton,"Lobith, ponton",meting,CONCTTE,OW,(massa)Concentratie dibutyltin (kation) in Oppervlaktewater uitgedrukt in tin in ng/l,NVT,NVT,DC4ySn,,Sn,ng/l
lobith.ponton,"Lobith, ponton",meting,CONCTTE,OW,(massa)Concentratie difenyltin (kation) in Oppervlaktewater uitgedrukt in tin in ng/l,NVT,NVT,DFySn,,Sn,ng/l
lobith.ponton,"Lobith, ponton",meting,CONCTTE,OW,(massa)Concentratie monobutyltin (kation) in Oppervlaktewater uitgedrukt in tin in ng/l,NVT,NVT,MC4ySn,,Sn,ng/l
lobith.ponton,"Lobith, ponton",meting,CONCTTE,OW,(massa)Concentratie monofenyltin (kation) in Oppervlaktewater uitgedrukt in tin in ng/l,NVT,NVT,MFySn,,Sn,ng/l
lobith.ponton,"Lobith, ponton",meting,CONCTTE,OW,(massa)Concentratie tetrabutyltin in Oppervlaktewater uitgedrukt in tin in ng/l,NVT,NVT,T4C4ySn,,Sn,ng/l
lobith.ponton,"Lobith, ponton",meting,CONCTTE,OW,(massa)Concentratie tributyltin (kation) in Oppervlaktewater uitgedrukt in tin in ng/l,NVT,NVT,TC4ySn,,Sn,ng/l
lobith.ponton,"Lobith, ponton",meting,CONCTTE,OW,Berekend (massa)Concentratie gadolinium in Oppervlaktewater antropogeen / opgeloste fractie in ug/l,BER,NVT,Gd,,antpgnnf,ug/l
lobith.ponton,"Lobith, ponton",meting,CONCTTE,OW,(massa)Concentratie bromaat in Oppervlaktewater uitgedrukt in bromaat in ug/l,NVT,NVT,BrO3,,BrO3,ug/l
lobith.ponton,"Lobith, ponton",meting,CONCTTE,OW,(massa)Concentratie som adsorbeerbare organische halogeenverbindingen in Oppervlaktewater uitgedrukt in chloor in ug/l,NVT,NVT,sAOX,,Cl,ug/l
lobith.ponton,"Lobith, ponton",meting,CONCTTE,OW,(massa)Concentratie som extraheerbare organische halogeenverbindingen in Oppervlaktewater uitgedrukt in chloor in ug/l,NVT,NVT,sEOX,,Cl,ug/l
lobith.ponton,"Lobith, ponton",meting,CONCTTE,OW,(massa)Concentratie som vluchtige organische halogeenverbindingen in Oppervlaktewater uitgedrukt in chloor in ug/l,NVT,NVT,sVOX,,Cl,ug/l
lobith.ponton,"Lobith, ponton",meting,CONCTTE,OW,(massa)Concentratie som adsorbeerbare organische halogeenverbindingen in Oppervlaktewater uitgedrukt in chloor / opgeloste fractie in ug/l,NVT,NVT,sAOX,,Clnf,ug/l
lobith.ponton,"Lobith, ponton",meting,CONCTTE,OW,(massa)Concentratie gadobutrol in Oppervlaktewater uitgedrukt in gadolinium in ug/l,NVT,NVT,gadbtl,,Gd,ug/l
lobith.ponton,"Lobith, ponton",meting,CONCTTE,OW,(massa)Concentratie gadopentetaat anion in Oppervlaktewater uitgedrukt in gadolinium in ug/l,NVT,NVT,gadpttt,,Gd,ug/l
lobith.ponton,"Lobith, ponton",meting,CONCTTE,OW,(massa)Concentratie gadoteridol in Oppervlaktewater uitgedrukt in gadolinium in ug/l,NVT,NVT,gadtrdl,,Gd,ug/l
lobith.ponton,"Lobith, ponton",meting,CONCTTE,OW,(massa)Concentratie gadoteraat anion in Oppervlaktewater uitgedrukt in gadolinium in ug/l,NVT,NVT,gadtrt,,Gd,ug/l
lobith.ponton,"Lobith, ponton",meting,CONCTTE,OW,(massa)Concentratie zilver in Oppervlaktewater opgeloste fractie (bijv. na filtratie) in ug/l,NVT,NVT,Ag,,nf,ug/l
lobith.ponton,"Lobith, ponton",meting,CONCTTE,OW,(massa)Concentratie aluminium in Oppervlaktewater opgeloste fractie (bijv. na filtratie) in ug/l,NVT,NVT,Al,,nf,ug/l
lobith.ponton,"Lobith, ponton",meting,CONCTTE,OW,(massa)Concentratie arseen in Oppervlaktewater opgeloste fractie (bijv. na filtratie) in ug/l,NVT,NVT,As,,nf,ug/l
lobith.ponton,"Lobith, ponton",meting,CONCTTE,OW,(massa)Concentratie arseniet in Oppervlaktewater opgeloste fractie (bijv. na filtratie) in ug/l,NVT,NVT,AsO2,,nf,ug/l
lobith.ponton,"Lobith, ponton",meting,CONCTTE,OW,(massa)Concentratie arsenaat in Oppervlaktewater opgeloste fractie (bijv. na filtratie) in ug/l,NVT,NVT,AsO4,,nf,ug/l
lobith.ponton,"Lobith, ponton",meting,CONCTTE,OW,(massa)Concentratie boor in Oppervlaktewater opgeloste fractie (bijv. na filtratie) in ug/l,NVT,NVT,B,,nf,ug/l
lobith.ponton,"Lobith, ponton",meting,CONCTTE,OW,(massa)Concentratie barium in Oppervlaktewater opgeloste fractie (bijv. na filtratie) in ug/l,NVT,NVT,Ba,,nf,ug/l
lobith.ponton,"Lobith, ponton",meting,CONCTTE,OW,(massa)Concentratie beryllium in Oppervlaktewater opgeloste fractie (bijv. na filtratie) in ug/l,NVT,NVT,Be,,nf,ug/l
lobith.ponton,"Lobith, ponton",meting,CONCTTE,OW,(massa)Concentratie carbamazepine in Oppervlaktewater opgeloste fractie (bijv. na filtratie) in ug/l,NVT,NVT,carbmzpne,,nf,ug/l
lobith.ponton,"Lobith, ponton",meting,CONCTTE,OW,(massa)Concentratie cadmium in Oppervlaktewater opgeloste fractie (bijv. na filtratie) in ug/l,NVT,NVT,Cd,,nf,ug/l
lobith.ponton,"Lobith, ponton",meting,CONCTTE,OW,(massa)Concentratie cerium in Oppervlaktewater opgeloste fractie (bijv. na filtratie) in ug/l,NVT,NVT,Ce,,nf,ug/l
lobith.ponton,"Lobith, ponton",meting,CONCTTE,OW,(massa)Concentratie kobalt in Oppervlaktewater opgeloste fractie (bijv. na filtratie) in ug/l,NVT,NVT,Co,,nf,ug/l
lobith.ponton,"Lobith, ponton",meting,CONCTTE,OW,(massa)Concentratie chroom in Oppervlaktewater opgeloste fractie (bijv. na filtratie) in ug/l,NVT,NVT,Cr,,nf,ug/l
lobith.ponton,"Lobith, ponton",meting,CONCTTE,OW,(massa)Concentratie chroom (zeswaardig) in Oppervlaktewater opgeloste fractie (bijv. na filtratie) in ug/l,NVT,NVT,CrVI,,nf,ug/l
lobith.ponton,"Lobith, ponton",meting,CONCTTE,OW,(massa)Concentratie cesium in Oppervlaktewater opgeloste fractie (bijv. na filtratie) in ug/l,NVT,NVT,Cs,,nf,ug/l
lobith.ponton,"Lobith, ponton",meting,CONCTTE,OW,(massa)Concentratie koper in Oppervlaktewater opgeloste fractie (bijv. na filtratie) in ug/l,NVT,NVT,Cu,,nf,ug/l
lobith.ponton,"Lobith, ponton",meting,CONCTTE,OW,(massa)Concentratie dimethylarseenzuur in Oppervlaktewater opgeloste fractie (bijv. na filtratie) in ug/l,NVT,NVT,DC1yAszr,,nf,ug/l
lobith.ponton,"Lobith, ponton",meting,CONCTTE,OW,(massa)Concentratie dysprosium in Oppervlaktewater opgeloste fractie (bijv. na filtratie) in ug/l,NVT,NVT,Dy,,nf,ug/l
lobith.ponton,"Lobith, ponton",meting,CONCTTE,OW,(massa)Concentratie erbium in Oppervlaktewater opgeloste fractie (bijv. na filtratie) in ug/l,NVT,NVT,Er,,nf,ug/l
lobith.ponton,"Lobith, ponton",meting,CONCTTE,OW,(massa)Concentratie europium in Oppervlaktewater opgeloste fractie (bijv. na filtratie) in ug/l,NVT,NVT,Eu,,nf,ug/l
lobith.ponton,"Lobith, ponton",meting,CONCTTE,OW,(massa)Concentratie gallium in Oppervlaktewater opgeloste fractie (bijv. na filtratie) in ug/l,NVT,NVT,Ga,,nf,ug/l
lobith.ponton,"Lobith, ponton",meting,CONCTTE,OW,(massa)Concentratie gadolinium in Oppervlaktewater opgeloste fractie (bijv. na filtratie) in ug/l,NVT,NVT,Gd,,nf,ug/l
lobith.ponton,"Lobith, ponton",meting,CONCTTE,OW,(massa)Concentratie hafnium in Oppervlaktewater opgeloste fractie (bijv. na filtratie) in ug/l,NVT,NVT,Hf,,nf,ug/l
lobith.ponton,"Lobith, ponton",meting,CONCTTE,OW,(massa)Concentratie kwik in Oppervlaktewater opgeloste fractie (bijv. na filtratie) in ug/l,NVT,NVT,Hg,,nf,ug/l
lobith.ponton,"Lobith, ponton",meting,CONCTTE,OW,(massa)Concentratie holmium in Oppervlaktewater opgeloste fractie (bijv. na filtratie) in ug/l,NVT,NVT,Ho,,nf,ug/l
lobith.ponton,"Lobith, ponton",meting,CONCTTE,OW,(massa)Concentratie indium in Oppervlaktewater opgeloste fractie (bijv. na filtratie) in ug/l,NVT,NVT,In,,nf,ug/l
lobith.ponton,"Lobith, ponton",meting,CONCTTE,OW,(massa)Concentratie lanthaan in Oppervlaktewater opgeloste fractie (bijv. na filtratie) in ug/l,NVT,NVT,La,,nf,ug/l
lobith.ponton,"Lobith, ponton",meting,CONCTTE,OW,(massa)Concentratie lithium in Oppervlaktewater opgeloste fractie (bijv. na filtratie) in ug/l,NVT,NVT,Li,,nf,ug/l
lobith.ponton,"Lobith, ponton",meting,CONCTTE,OW,(massa)Concentratie lutetium in Oppervlaktewater opgeloste fractie (bijv. na filtratie) in ug/l,NVT,NVT,Lu,,nf,ug/l
lobith.ponton,"Lobith, ponton",meting,CONCTTE,OW,(massa)Concentratie monomethylarseenzuur in Oppervlaktewater opgeloste fractie (bijv. na filtratie) in ug/l,NVT,NVT,MC1yAszr,,nf,ug/l
lobith.ponton,"Lobith, ponton",meting,CONCTTE,OW,(massa)Concentratie mangaan in Oppervlaktewater opgeloste fractie (bijv. na filtratie) in ug/l,NVT,NVT,Mn,,nf,ug/l
lobith.ponton,"Lobith, ponton",meting,CONCTTE,OW,(massa)Concentratie molybdeen in Oppervlaktewater opgeloste fractie (bijv. na filtratie) in ug/l,NVT,NVT,Mo,,nf,ug/l
lobith.ponton,"Lobith, ponton",meting,CONCTTE,OW,(massa)Concentratie niobium in Oppervlaktewater opgeloste fractie (bijv. na filtratie) in ug/l,NVT,NVT,Nb,,nf,ug/l
lobith.ponton,"Lobith, ponton",meting,CONCTTE,OW,(massa)Concentratie neodymium in Oppervlaktewater opgeloste fractie (bijv. na filtratie) in ug/l,NVT,NVT,Nd,,nf,ug/l
lobith.ponton,"Lobith, ponton",meting,CONCTTE,OW,(massa)Concentratie nikkel in Oppervlaktewater opgeloste fractie (bijv. na filtratie) in ug/l,NVT,NVT,Ni,,nf,ug/l
lobith.ponton,"Lobith, ponton",meting,CONCTTE,OW,(massa)Concentratie lood in Oppervlaktewater opgeloste fractie (bijv. na filtratie) in ug/l,NVT,NVT,Pb,,nf,ug/l
lobith.ponton,"Lobith, ponton",meting,CONCTTE,OW,(massa)Concentratie praseodymium in Oppervlaktewater opgeloste fractie (bijv. na filtratie) in ug/l,NVT,NVT,Pr,,nf,ug/l
lobith.ponton,"Lobith, ponton",meting,CONCTTE,OW,(massa)Concentratie platina in Oppervlaktewater opgeloste fractie (bijv. na filtratie) in ug/l,NVT,NVT,Pt,,nf,ug/l
lobith.ponton,"Lobith, ponton",meting,CONCTTE,OW,(massa)Concentratie rubidium in Oppervlaktewater opgeloste fractie (bijv. na filtratie) in ug/l,NVT,NVT,Rb,,nf,ug/l
lobith.ponton,"Lobith, ponton",meting,CONCTTE,OW,(massa)Concentratie antimoon in Oppervlaktewater opgeloste fractie (bijv. na filtratie) in ug/l,NVT,NVT,Sb,,nf,ug/l
lobith.ponton,"Lobith, ponton",meting,CONCTTE,OW,(massa)Concentratie scandium in Oppervlaktewater opgeloste fractie (bijv. na filtratie) in ug/l,NVT,NVT,Sc,,nf,ug/l
lobith.ponton,"Lobith, ponton",meting,CONCTTE,OW,(massa)Concentratie seleen in Oppervlaktewater opgeloste fractie (bijv. na filtratie) in ug/l,NVT,NVT,Se,,nf,ug/l
lobith.ponton,"Lobith, ponton",meting,CONCTTE,OW,(massa)Concentratie seleniet in Oppervlaktewater opgeloste fractie (bijv. na filtratie) in ug/l,NVT,NVT,SeO3,,nf,ug/l
lobith.ponton,"Lobith, ponton",meting,CONCTTE,OW,(massa)Concentratie selenaat in Oppervlaktewater opgeloste fractie (bijv. na filtratie) in ug/l,NVT,NVT,SeO4,,nf,ug/l
lobith.ponton,"Lobith, ponton",meting,CONCTTE,OW,(massa)Concentratie samarium in Oppervlaktewater opgeloste fractie (bijv. na filtratie) in ug/l,NVT,NVT,Sm,,nf,ug/l
lobith.ponton,"Lobith, ponton",meting,CONCTTE,OW,(massa)Concentratie tin in Oppervlaktewater opgeloste fractie (bijv. na filtratie) in ug/l,NVT,NVT,Sn,,nf,ug/l
lobith.ponton,"Lobith, ponton",meting,CONCTTE,OW,(massa)Concentratie strontium in Oppervlaktewater opgeloste fractie (bijv. na filtratie) in ug/l,NVT,NVT,Sr,,nf,ug/l
lobith.ponton,"Lobith, ponton",meting,CONCTTE,OW,Gemiddelde (massa)Concentratie sulfamethoxazol in Oppervlaktewater opgeloste fractie (bijv. na filtratie) in ug/l,GEM,NVT,sulfmtoazl,,nf,ug/l
lobith.ponton,"Lobith, ponton",meting,CONCTTE,OW,(massa)Concentratie sulfamethoxazol in Oppervlaktewater opgeloste fractie (bijv. na filtratie) in ug/l,NVT,NVT,sulfmtoazl,,nf,ug/l
lobith.ponton,"Lobith, ponton",meting,CONCTTE,OW,Gemiddelde (massa)Concentratie tetrabutylammonium in Oppervlaktewater opgeloste fractie (bijv. na filtratie) in ug/l,GEM,NVT,T4C4yNH4,,nf,ug/l
lobith.ponton,"Lobith, ponton",meting,CONCTTE,OW,(massa)Concentratie tantalium in Oppervlaktewater opgeloste fractie (bijv. na filtratie) in ug/l,NVT,NVT,Ta,,nf,ug/l
lobith.ponton,"Lobith, ponton",meting,CONCTTE,OW,(massa)Concentratie terbium in Oppervlaktewater opgeloste fractie (bijv. na filtratie) in ug/l,NVT,NVT,Tb,,nf,ug/l
lobith.ponton,"Lobith, ponton",meting,CONCTTE,OW,(massa)Concentratie tellurium in Oppervlaktewater opgeloste fractie (bijv. na filtratie) in ug/l,NVT,NVT,Te,,nf,ug/l
lobith.ponton,"Lobith, ponton",meting,CONCTTE,OW,(massa)Concentratie thorium in Oppervlaktewater opgeloste fractie (bijv. na filtratie) in ug/l,NVT,NVT,Th,,nf,ug/l
lobith.ponton,"Lobith, ponton",meting,CONCTTE,OW,(massa)Concentratie titaan in Oppervlaktewater opgeloste fractie (bijv. na filtratie) in ug/l,NVT,NVT,Ti,,nf,ug/l
lobith.ponton,"Lobith, ponton",meting,CONCTTE,OW,(massa)Concentratie thallium in Oppervlaktewater opgeloste fractie (bijv. na filtratie) in ug/l,NVT,NVT,Tl,,nf,ug/l
lobith.ponton,"Lobith, ponton",meting,CONCTTE,OW,(massa)Concentratie thulium in Oppervlaktewater opgeloste fractie (bijv. na filtratie) in ug/l,NVT,NVT,Tm,,nf,ug/l
lobith.ponton,"Lobith, ponton",meting,CONCTTE,OW,(massa)Concentratie uranium in Oppervlaktewater opgeloste fractie (bijv. na filtratie) in ug/l,NVT,NVT,U,,nf,ug/l
lobith.ponton,"Lobith, ponton",meting,CONCTTE,OW,(massa)Concentratie vanadium in Oppervlaktewater opgeloste fractie (bijv. na filtratie) in ug/l,NVT,NVT,V,,nf,ug/l
lobith.ponton,"Lobith, ponton",meting,CONCTTE,OW,(massa)Concentratie wolfraam in Oppervlaktewater opgeloste fractie (bijv. na filtratie) in ug/l,NVT,NVT,W,,nf,ug/l
lobith.ponton,"Lobith, ponton",meting,CONCTTE,OW,(massa)Concentratie yttrium in Oppervlaktewater opgeloste fractie (bijv. na filtratie) in ug/l,NVT,NVT,Y,,nf,ug/l
lobith.ponton,"Lobith, ponton",meting,CONCTTE,OW,(massa)Concentratie ytterbium in Oppervlaktewater opgeloste fractie (bijv. na filtratie) in ug/l,NVT,NVT,Yb,,nf,ug/l
lobith.ponton,"Lobith, ponton",meting,CONCTTE,OW,(massa)Concentratie zink in Oppervlaktewater opgeloste fractie (bijv. na filtratie) in ug/l,NVT,NVT,Zn,,nf,ug/l
lobith.ponton,"Lobith, ponton",meting,CONCTTE,OW,(massa)Concentratie zirkonium in Oppervlaktewater opgeloste fractie (bijv. na filtratie) in ug/l,NVT,NVT,Zr,,nf,ug/l
lobith.ponton,"Lobith, ponton",meting,CONCTTE,OW,"Gemiddelde (massa)Concentratie 1,1,1,2-tetrachloorethaan in Oppervlaktewater in ug/l",GEM,NVT,1112T4ClC2a,,NVT,ug/l
lobith.ponton,"Lobith, ponton",meting,CONCTTE,OW,"Gemiddelde (massa)Concentratie 1,1,1-trichloorethaan in Oppervlaktewater in ug/l",GEM,NVT,111TClC2a,,NVT,ug/l
lobith.ponton,"Lobith, ponton",meting,CONCTTE,OW,"(massa)Concentratie 1,1,1-trichloorethaan in Oppervlaktewater in ug/l",NVT,NVT,111TClC2a,,NVT,ug/l
lobith.ponton,"Lobith, ponton",meting,CONCTTE,OW,"Gemiddelde (massa)Concentratie 1,1,2,2-tetrachloorethaan in Oppervlaktewater in ug/l",GEM,NVT,1122T4ClC2a,,NVT,ug/l
lobith.ponton,"Lobith, ponton",meting,CONCTTE,OW,"(massa)Concentratie 1,1,2,2-tetrachloorethaan in Oppervlaktewater in ug/l",NVT,NVT,1122T4ClC2a,,NVT,ug/l
lobith.ponton,"Lobith, ponton",meting,CONCTTE,OW,"Gemiddelde (massa)Concentratie 1,1,2-trichloorethaan in Oppervlaktewater in ug/l",GEM,NVT,112TClC2a,,NVT,ug/l
lobith.ponton,"Lobith, ponton",meting,CONCTTE,OW,"(massa)Concentratie 1,1,2-trichloorethaan in Oppervlaktewater in ug/l",NVT,NVT,112TClC2a,,NVT,ug/l
lobith.ponton,"Lobith, ponton",meting,CONCTTE,OW,(massa)Concentratie 11-chlooreicosafluor-3-oxaundecaan-1-sulfonzuur in Oppervlaktewater in ug/l,NVT,NVT,11ClPF3OUdS,,NVT,ug/l
lobith.ponton,"Lobith, ponton",meting,CONCTTE,OW,"Gemiddelde (massa)Concentratie 1,1-dichloorethaan in Oppervlaktewater in ug/l",GEM,NVT,11DClC2a,,NVT,ug/l
lobith.ponton,"Lobith, ponton",meting,CONCTTE,OW,"(massa)Concentratie 1,1-dichloorethaan in Oppervlaktewater in ug/l",NVT,NVT,11DClC2a,,NVT,ug/l
lobith.ponton,"Lobith, ponton",meting,CONCTTE,OW,"(massa)Concentratie 1,1-dichlooretheen in Oppervlaktewater in ug/l",NVT,NVT,11DClC2e,,NVT,ug/l
lobith.ponton,"Lobith, ponton",meting,CONCTTE,OW,"(massa)Concentratie 1,2,3-benzotriazool in Oppervlaktewater in ug/l",NVT,NVT,123benztazl,,NVT,ug/l
lobith.ponton,"Lobith, ponton",meting,CONCTTE,OW,"(massa)Concentratie 1,2,3-trimethylbenzeen in Oppervlaktewater in ug/l",NVT,NVT,123TC1yBen,,NVT,ug/l
lobith.ponton,"Lobith, ponton",meting,CONCTTE,OW,"(massa)Concentratie 1,2,3-trichloorbenzeen in Oppervlaktewater in ug/l",NVT,NVT,123TClBen,,NVT,ug/l
lobith.ponton,"Lobith, ponton",meting,CONCTTE,OW,"(massa)Concentratie 1,2,3-trichloorpropaan in Oppervlaktewater in ug/l",NVT,NVT,123TClC3a,,NVT,ug/l
lobith.ponton,"Lobith, ponton",meting,CONCTTE,OW,"(massa)Concentratie 1,2,4,5-tetrachloorbenzeen in Oppervlaktewater in ug/l",NVT,NVT,1245T4ClBen,,NVT,ug/l
lobith.ponton,"Lobith, ponton",meting,CONCTTE,OW,"(massa)Concentratie 1,2,4-triazool in Oppervlaktewater in ug/l",NVT,NVT,124Tazl,,NVT,ug/l
lobith.ponton,"Lobith, ponton",meting,CONCTTE,OW,"Gemiddelde (massa)Concentratie 1,2,4-trimethylbenzeen in Oppervlaktewater in ug/l",GEM,NVT,124TC1yBen,,NVT,ug/l
lobith.ponton,"Lobith, ponton",meting,CONCTTE,OW,"(massa)Concentratie 1,2,4-trimethylbenzeen in Oppervlaktewater in ug/l",NVT,NVT,124TC1yBen,,NVT,ug/l
lobith.ponton,"Lobith, ponton",meting,CONCTTE,OW,"(massa)Concentratie 1,2,4-trichloorbenzeen in Oppervlaktewater in ug/l",NVT,NVT,124TClBen,,NVT,ug/l
lobith.ponton,"Lobith, ponton",meting,CONCTTE,OW,"Gemiddelde (massa)Concentratie 1,2-dibroomethaan in Oppervlaktewater in ug/l",GEM,NVT,12DBrC2a,,NVT,ug/l
lobith.ponton,"Lobith, ponton",meting,CONCTTE,OW,"(massa)Concentratie 1,2-dibroomethaan in Oppervlaktewater in ug/l",NVT,NVT,12DBrC2a,,NVT,ug/l
lobith.ponton,"Lobith, ponton",meting,CONCTTE,OW,"(massa)Concentratie 1,2-dimethoxyethaan in Oppervlaktewater in ug/l",NVT,NVT,12DC1oxC2a,,NVT,ug/l
lobith.ponton,"Lobith, ponton",meting,CONCTTE,OW,"Gemiddelde (massa)Concentratie 1,2-dichloorbenzeen in Oppervlaktewater in ug/l",GEM,NVT,12DClBen,,NVT,ug/l
lobith.ponton,"Lobith, ponton",meting,CONCTTE,OW,"(massa)Concentratie 1,2-dichloorbenzeen in Oppervlaktewater in ug/l",NVT,NVT,12DClBen,,NVT,ug/l
lobith.ponton,"Lobith, ponton",meting,CONCTTE,OW,"Gemiddelde (massa)Concentratie 1,2-dichloorethaan in Oppervlaktewater in ug/l",GEM,NVT,12DClC2a,,NVT,ug/l
lobith.ponton,"Lobith, ponton",meting,CONCTTE,OW,"(massa)Concentratie 1,2-dichloorethaan in Oppervlaktewater in ug/l",NVT,NVT,12DClC2a,,NVT,ug/l
lobith.ponton,"Lobith, ponton",meting,CONCTTE,OW,"Gemiddelde (massa)Concentratie 1,2-dichloorpropaan in Oppervlaktewater in ug/l",GEM,NVT,12DClC3a,,NVT,ug/l
lobith.ponton,"Lobith, ponton",meting,CONCTTE,OW,"(massa)Concentratie 1,2-dichloorpropaan in Oppervlaktewater in ug/l",NVT,NVT,12DClC3a,,NVT,ug/l
lobith.ponton,"Lobith, ponton",meting,CONCTTE,OW,"Gemiddelde (massa)Concentratie 1,2-xyleen in Oppervlaktewater in ug/l",GEM,NVT,12xyln,,NVT,ug/l
lobith.ponton,"Lobith, ponton",meting,CONCTTE,OW,"(massa)Concentratie 1,2-xyleen in Oppervlaktewater in ug/l",NVT,NVT,12xyln,,NVT,ug/l
lobith.ponton,"Lobith, ponton",meting,CONCTTE,OW,"(massa)Concentratie 1-(3,4-dichloorfenyl)ureum in Oppervlaktewater in ug/l",NVT,NVT,134DClFyurum,,NVT,ug/l
lobith.ponton,"Lobith, ponton",meting,CONCTTE,OW,"(massa)Concentratie 1,3,5-Triazine-2,4,6-triamine (Melamine) in Oppervlaktewater in ug/l",NVT,NVT,135Tazn246TA,,NVT,ug/l
lobith.ponton,"Lobith, ponton",meting,CONCTTE,OW,"Gemiddelde (massa)Concentratie 1,3,5-trimethylbenzeen in Oppervlaktewater in ug/l",GEM,NVT,135TC1yBen,,NVT,ug/l
lobith.ponton,"Lobith, ponton",meting,CONCTTE,OW,"(massa)Concentratie 1,3,5-trimethylbenzeen in Oppervlaktewater in ug/l",NVT,NVT,135TC1yBen,,NVT,ug/l
lobith.ponton,"Lobith, ponton",meting,CONCTTE,OW,"(massa)Concentratie 1,3,5-trichloorbenzeen in Oppervlaktewater in ug/l",NVT,NVT,135TClBen,,NVT,ug/l
lobith.ponton,"Lobith, ponton",meting,CONCTTE,OW,"(massa)Concentratie 1,3-diacetylbenzeen in Oppervlaktewater in ug/l",NVT,NVT,13DactBen,,NVT,ug/l
lobith.ponton,"Lobith, ponton",meting,CONCTTE,OW,"(massa)Concentratie 1,3-dichloor-2-propanol in Oppervlaktewater in ug/l",NVT,NVT,13DCl2C3ol,,NVT,ug/l
lobith.ponton,"Lobith, ponton",meting,CONCTTE,OW,"Gemiddelde (massa)Concentratie 1,3-dichloorbenzeen in Oppervlaktewater in ug/l",GEM,NVT,13DClBen,,NVT,ug/l
lobith.ponton,"Lobith, ponton",meting,CONCTTE,OW,"(massa)Concentratie 1,3-dichloorbenzeen in Oppervlaktewater in ug/l",NVT,NVT,13DClBen,,NVT,ug/l
lobith.ponton,"Lobith, ponton",meting,CONCTTE,OW,"(massa)Concentratie 1,3-dichloorpropaan in Oppervlaktewater in ug/l",NVT,NVT,13DClC3a,,NVT,ug/l
lobith.ponton,"Lobith, ponton",meting,CONCTTE,OW,"(massa)Concentratie 1,3-xyleen in Oppervlaktewater in ug/l",NVT,NVT,13xyln,,NVT,ug/l
lobith.ponton,"Lobith, ponton",meting,CONCTTE,OW,"Gemiddelde (massa)Concentratie 1,4-dichloorbenzeen in Oppervlaktewater in ug/l",GEM,NVT,14DClBen,,NVT,ug/l
lobith.ponton,"Lobith, ponton",meting,CONCTTE,OW,"(massa)Concentratie 1,4-dichloorbenzeen in Oppervlaktewater in ug/l",NVT,NVT,14DClBen,,NVT,ug/l
lobith.ponton,"Lobith, ponton",meting,CONCTTE,OW,"Gemiddelde (massa)Concentratie 1,4-di-isopropylbenzeen in Oppervlaktewater in ug/l",GEM,NVT,14DiC3yeBen,,NVT,ug/l
lobith.ponton,"Lobith, ponton",meting,CONCTTE,OW,"(massa)Concentratie 1,4-di-isopropylbenzeen in Oppervlaktewater in ug/l",NVT,NVT,14DiC3yeBen,,NVT,ug/l
lobith.ponton,"Lobith, ponton",meting,CONCTTE,OW,"Gemiddelde (massa)Concentratie 1,4-dioxaan in Oppervlaktewater in ug/l",GEM,NVT,14DOxan,,NVT,ug/l
lobith.ponton,"Lobith, ponton",meting,CONCTTE,OW,"(massa)Concentratie 1,4-dioxaan in Oppervlaktewater in ug/l",NVT,NVT,14DOxan,,NVT,ug/l
lobith.ponton,"Lobith, ponton",meting,CONCTTE,OW,(massa)Concentratie 17beta-estradiol in Oppervlaktewater in ug/l,NVT,NVT,17bestDol,,NVT,ug/l
lobith.ponton,"Lobith, ponton",meting,CONCTTE,OW,(massa)Concentratie 1-methylnaftaleen in Oppervlaktewater in ug/l,NVT,NVT,1C1yNaf,,NVT,ug/l
lobith.ponton,"Lobith, ponton",meting,CONCTTE,OW,(massa)Concentratie 1-propanol-2-chloorfosfaat in Oppervlaktewater in ug/l,NVT,NVT,1C3ol2ClPO4,,NVT,ug/l
lobith.ponton,"Lobith, ponton",meting,CONCTTE,OW,Gemiddelde (massa)Concentratie 1-propylbenzeen in Oppervlaktewater in ug/l,GEM,NVT,1C3yBen,,NVT,ug/l
lobith.ponton,"Lobith, ponton",meting,CONCTTE,OW,(massa)Concentratie 1-propylbenzeen in Oppervlaktewater in ug/l,NVT,NVT,1C3yBen,,NVT,ug/l
lobith.ponton,"Lobith, ponton",meting,CONCTTE,OW,"(massa)Concentratie 1-chloor-2,4-dinitrobenzeen in Oppervlaktewater in ug/l",NVT,NVT,1Cl24DNO2Ben,,NVT,ug/l
lobith.ponton,"Lobith, ponton",meting,CONCTTE,OW,(massa)Concentratie 1-chloor-2-nitrobenzeen in Oppervlaktewater in ug/l,NVT,NVT,1Cl2NO2Ben,,NVT,ug/l
lobith.ponton,"Lobith, ponton",meting,CONCTTE,OW,Gemiddelde (massa)Concentratie 1-chloor-3-nitrobenzeen in Oppervlaktewater in ug/l,GEM,NVT,1Cl3NO2Ben,,NVT,ug/l
lobith.ponton,"Lobith, ponton",meting,CONCTTE,OW,(massa)Concentratie 1-chloor-3-nitrobenzeen in Oppervlaktewater in ug/l,NVT,NVT,1Cl3NO2Ben,,NVT,ug/l
lobith.ponton,"Lobith, ponton",meting,CONCTTE,OW,(massa)Concentratie 1-chloor-4-nitrobenzeen in Oppervlaktewater in ug/l,NVT,NVT,1Cl4NO2Ben,,NVT,ug/l
lobith.ponton,"Lobith, ponton",meting,CONCTTE,OW,(massa)Concentratie 1-chloornaftaleen in Oppervlaktewater in ug/l,NVT,NVT,1ClNaf,,NVT,ug/l
lobith.ponton,"Lobith, ponton",meting,CONCTTE,OW,Gemiddelde (massa)Concentratie 1-tert-butoxy-2-ethoxyethaan in Oppervlaktewater in ug/l,GEM,NVT,1tC4ox2C2oxC,,NVT,ug/l
lobith.ponton,"Lobith, ponton",meting,CONCTTE,OW,(massa)Concentratie 1-tert-butoxy-2-ethoxyethaan in Oppervlaktewater in ug/l,NVT,NVT,1tC4ox2C2oxC,,NVT,ug/l
lobith.ponton,"Lobith, ponton",meting,CONCTTE,OW,"(massa)Concentratie 2,2,4-trimethyl-1,3-pentaandiol in Oppervlaktewater in ug/l",NVT,NVT,224TC1y13C5a,,NVT,ug/l
lobith.ponton,"Lobith, ponton",meting,CONCTTE,OW,"(massa)Concentratie 2,2,5,5,-tetramethyl-tetrahydrofuran in Oppervlaktewater in ug/l",NVT,NVT,2255T4C4yT4H,,NVT,ug/l
lobith.ponton,"Lobith, ponton",meting,CONCTTE,OW,"(massa)Concentratie 2,3,4,5-tetrachloorfenol in Oppervlaktewater in ug/l",NVT,NVT,2345T4ClFol,,NVT,ug/l
lobith.ponton,"Lobith, ponton",meting,CONCTTE,OW,"(massa)Concentratie 2,3,4,6-tetrachloorfenol in Oppervlaktewater in ug/l",NVT,NVT,2346T4ClFol,,NVT,ug/l
lobith.ponton,"Lobith, ponton",meting,CONCTTE,OW,"(massa)Concentratie 2,3,4-trichloorfenol in Oppervlaktewater in ug/l",NVT,NVT,234TClFol,,NVT,ug/l
lobith.ponton,"Lobith, ponton",meting,CONCTTE,OW,"(massa)Concentratie 2,3,5,6-tetrachloorfenol in Oppervlaktewater in ug/l",NVT,NVT,2356T4ClFol,,NVT,ug/l
lobith.ponton,"Lobith, ponton",meting,CONCTTE,OW,"(massa)Concentratie 2,3,5-trichloorfenol in Oppervlaktewater in ug/l",NVT,NVT,235TClFol,,NVT,ug/l
lobith.ponton,"Lobith, ponton",meting,CONCTTE,OW,"(massa)Concentratie 2,3,6-trichloorfenol in Oppervlaktewater in ug/l",NVT,NVT,236TClFol,,NVT,ug/l
lobith.ponton,"Lobith, ponton",meting,CONCTTE,OW,"(massa)Concentratie 2,3-dichlooraniline in Oppervlaktewater in ug/l",NVT,NVT,23DClAn,,NVT,ug/l
lobith.ponton,"Lobith, ponton",meting,CONCTTE,OW,"(massa)Concentratie 2,3-dichloorpropeen in Oppervlaktewater in ug/l",NVT,NVT,23DClC3e,,NVT,ug/l
lobith.ponton,"Lobith, ponton",meting,CONCTTE,OW,"(massa)Concentratie 2,3-dichloorfenol in Oppervlaktewater in ug/l",NVT,NVT,23DClFol,,NVT,ug/l
lobith.ponton,"Lobith, ponton",meting,CONCTTE,OW,"(massa)Concentratie 2,3-dichloornitrobenzeen in Oppervlaktewater in ug/l",NVT,NVT,23DClNO2Ben,,NVT,ug/l
lobith.ponton,"Lobith, ponton",meting,CONCTTE,OW,"(massa)Concentratie 2,4,5-trichloorfenoxyazijnzuur in Oppervlaktewater in ug/l",NVT,NVT,245T,,NVT,ug/l
lobith.ponton,"Lobith, ponton",meting,CONCTTE,OW,"(massa)Concentratie 2,4,5-trichlooraniline in Oppervlaktewater in ug/l",NVT,NVT,245TClAn,,NVT,ug/l
lobith.ponton,"Lobith, ponton",meting,CONCTTE,OW,"(massa)Concentratie 2,4,5-trichloorfenol in Oppervlaktewater in ug/l",NVT,NVT,245TClFol,,NVT,ug/l
lobith.ponton,"Lobith, ponton",meting,CONCTTE,OW,"(massa)Concentratie 2,4,5-trichloorfenoxypropionzuur in Oppervlaktewater in ug/l",NVT,NVT,245TP,,NVT,ug/l
lobith.ponton,"Lobith, ponton",meting,CONCTTE,OW,"Gemiddelde (massa)Concentratie 2,4,6-trimethylpyridine in Oppervlaktewater in ug/l",GEM,NVT,246TC1yprdne,,NVT,ug/l
lobith.ponton,"Lobith, ponton",meting,CONCTTE,OW,"(massa)Concentratie 2,4,6-trimethylpyridine in Oppervlaktewater in ug/l",NVT,NVT,246TC1yprdne,,NVT,ug/l
lobith.ponton,"Lobith, ponton",meting,CONCTTE,OW,"(massa)Concentratie 2,4,6-trichloorfenol in Oppervlaktewater in ug/l",NVT,NVT,246TClFol,,NVT,ug/l
lobith.ponton,"Lobith, ponton",meting,CONCTTE,OW,"Gemiddelde (massa)Concentratie 2,4,7,9-tetramethyl-5-decyn-4,7-diol in Oppervlaktewater in ug/l",GEM,NVT,2479T4C1y5dc,,NVT,ug/l
lobith.ponton,"Lobith, ponton",meting,CONCTTE,OW,"(massa)Concentratie 2,4,7,9-tetramethyl-5-decyn-4,7-diol in Oppervlaktewater in ug/l",NVT,NVT,2479T4C1y5dc,,NVT,ug/l
lobith.ponton,"Lobith, ponton",meting,CONCTTE,OW,"Gemiddelde (massa)Concentratie 2,4,8,10 tetraoxaspiro(5.5)undecaan in Oppervlaktewater in ug/l",GEM,NVT,24810T4Oasr5,,NVT,ug/l
lobith.ponton,"Lobith, ponton",meting,CONCTTE,OW,"(massa)Concentratie 2,4-dichloorfenoxyazijnzuur in Oppervlaktewater in ug/l",NVT,NVT,24D,,NVT,ug/l
lobith.ponton,"Lobith, ponton",meting,CONCTTE,OW,"(massa)Concentratie 2,4-dichloorfenoxyboterzuur in Oppervlaktewater in ug/l",NVT,NVT,24DB,,NVT,ug/l
lobith.ponton,"Lobith, ponton",meting,CONCTTE,OW,"(massa)Concentratie 2,4-dimethylbenzaldehyde in Oppervlaktewater in ug/l",NVT,NVT,24DC1yBenAh,,NVT,ug/l
lobith.ponton,"Lobith, ponton",meting,CONCTTE,OW,"(massa)Concentratie 2,4-dichlooraniline in Oppervlaktewater in ug/l",NVT,NVT,24DClAn,,NVT,ug/l
lobith.ponton,"Lobith, ponton",meting,CONCTTE,OW,"(massa)Concentratie 2,4-dichloornitrobenzeen in Oppervlaktewater in ug/l",NVT,NVT,24DClNO2Ben,,NVT,ug/l
lobith.ponton,"Lobith, ponton",meting,CONCTTE,OW,"(massa)Concentratie 2,4'-dichloordifenyldichloorethaan in Oppervlaktewater in ug/l",NVT,NVT,24DDD,,NVT,ug/l
lobith.ponton,"Lobith, ponton",meting,CONCTTE,OW,"(massa)Concentratie 2,4'-dichloordifenyldichlooretheen in Oppervlaktewater in ug/l",NVT,NVT,24DDE,,NVT,ug/l
lobith.ponton,"Lobith, ponton",meting,CONCTTE,OW,"(massa)Concentratie 2,4'-dichloordifenyltrichloorethaan in Oppervlaktewater in ug/l",NVT,NVT,24DDT,,NVT,ug/l
lobith.ponton,"Lobith, ponton",meting,CONCTTE,OW,"(massa)Concentratie 2,4-dinitrofenol in Oppervlaktewater in ug/l",NVT,NVT,24DNO2Fol,,NVT,ug/l
lobith.ponton,"Lobith, ponton",meting,CONCTTE,OW,"(massa)Concentratie 2,4-dichloorfenoxypropionzuur in Oppervlaktewater in ug/l",NVT,NVT,24DP,,NVT,ug/l
lobith.ponton,"Lobith, ponton",meting,CONCTTE,OW,"Gemiddelde (massa)Concentratie 2,5,8,11-tetraoxadodecaan in Oppervlaktewater in ug/l",GEM,NVT,25811T4OaC12,,NVT,ug/l
lobith.ponton,"Lobith, ponton",meting,CONCTTE,OW,"(massa)Concentratie 2,5,8,11-tetraoxadodecaan in Oppervlaktewater in ug/l",NVT,NVT,25811T4OaC12,,NVT,ug/l
lobith.ponton,"Lobith, ponton",meting,CONCTTE,OW,"(massa)Concentratie 2,5-dichlooraniline in Oppervlaktewater in ug/l",NVT,NVT,25DClAn,,NVT,ug/l
lobith.ponton,"Lobith, ponton",meting,CONCTTE,OW,"(massa)Concentratie 2,5-dichloornitrobenzeen in Oppervlaktewater in ug/l",NVT,NVT,25DClNO2Ben,,NVT,ug/l
lobith.ponton,"Lobith, ponton",meting,CONCTTE,OW,"Gemiddelde (massa)Concentratie 2,6-dimethylpyridine in Oppervlaktewater in ug/l",GEM,NVT,26DC1yprdne,,NVT,ug/l
lobith.ponton,"Lobith, ponton",meting,CONCTTE,OW,"(massa)Concentratie 2,6-dimethylpyridine in Oppervlaktewater in ug/l",NVT,NVT,26DC1yprdne,,NVT,ug/l
lobith.ponton,"Lobith, ponton",meting,CONCTTE,OW,"(massa)Concentratie 2,6-dichlooraniline in Oppervlaktewater in ug/l",NVT,NVT,26DClAn,,NVT,ug/l
lobith.ponton,"Lobith, ponton",meting,CONCTTE,OW,"(massa)Concentratie 2,6-dichloorbenzamide in Oppervlaktewater in ug/l",NVT,NVT,26DClBenAd,,NVT,ug/l
lobith.ponton,"Lobith, ponton",meting,CONCTTE,OW,"(massa)Concentratie 2,6-dichloorfenol in Oppervlaktewater in ug/l",NVT,NVT,26DClFol,,NVT,ug/l
lobith.ponton,"Lobith, ponton",meting,CONCTTE,OW,(massa)Concentratie 2-amino-4-chloorfenol in Oppervlaktewater in ug/l,NVT,NVT,2Ao4ClFol,,NVT,ug/l
lobith.ponton,"Lobith, ponton",meting,CONCTTE,OW,Gemiddelde (massa)Concentratie 2-methoxy-2-methylbutaan in Oppervlaktewater in ug/l,GEM,NVT,2C1ox2C1yC4a,,NVT,ug/l
lobith.ponton,"Lobith, ponton",meting,CONCTTE,OW,(massa)Concentratie 2-methoxy-2-methylbutaan in Oppervlaktewater in ug/l,NVT,NVT,2C1ox2C1yC4a,,NVT,ug/l
lobith.ponton,"Lobith, ponton",meting,CONCTTE,OW,Gemiddelde (massa)Concentratie 2-methylnaftaleen in Oppervlaktewater in ug/l,GEM,NVT,2C1yNaf,,NVT,ug/l
lobith.ponton,"Lobith, ponton",meting,CONCTTE,OW,(massa)Concentratie 2-methylnaftaleen in Oppervlaktewater in ug/l,NVT,NVT,2C1yNaf,,NVT,ug/l
lobith.ponton,"Lobith, ponton",meting,CONCTTE,OW,(massa)Concentratie 2-methylquinoline in Oppervlaktewater in ug/l,NVT,NVT,2C1yqnlne,,NVT,ug/l
lobith.ponton,"Lobith, ponton",meting,CONCTTE,OW,Gemiddelde (massa)Concentratie 2-ethoxy-2-methylpropaan in Oppervlaktewater in ug/l,GEM,NVT,2C2ox2C1yC3a,,NVT,ug/l
lobith.ponton,"Lobith, ponton",meting,CONCTTE,OW,(massa)Concentratie 2-ethoxy-2-methylpropaan in Oppervlaktewater in ug/l,NVT,NVT,2C2ox2C1yC3a,,NVT,ug/l
lobith.ponton,"Lobith, ponton",meting,CONCTTE,OW,Gemiddelde (massa)Concentratie 2-ethoxy-2-methylbutaan in Oppervlaktewater in ug/l,GEM,NVT,2C2ox2C1yC4a,,NVT,ug/l
lobith.ponton,"Lobith, ponton",meting,CONCTTE,OW,Gemiddelde (massa)Concentratie 2-ethoxybutaan in Oppervlaktewater in ug/l,GEM,NVT,2C2oxC4a,,NVT,ug/l
lobith.ponton,"Lobith, ponton",meting,CONCTTE,OW,(massa)Concentratie 2-ethyltolueen in Oppervlaktewater in ug/l,NVT,NVT,2C2yTol,,NVT,ug/l
lobith.ponton,"Lobith, ponton",meting,CONCTTE,OW,(massa)Concentratie 2-propenylbenzeen in Oppervlaktewater in ug/l,NVT,NVT,2C3yeBen,,NVT,ug/l
lobith.ponton,"Lobith, ponton",meting,CONCTTE,OW,(massa)Concentratie 2-butanol in Oppervlaktewater in ug/l,NVT,NVT,2C4ol,,NVT,ug/l
lobith.ponton,"Lobith, ponton",meting,CONCTTE,OW,(massa)Concentratie 2-butanon (MEK) in Oppervlaktewater in ug/l,NVT,NVT,2C4on,,NVT,ug/l
lobith.ponton,"Lobith, ponton",meting,CONCTTE,OW,(massa)Concentratie 2-chloor-4-methylaniline in Oppervlaktewater in ug/l,NVT,NVT,2Cl4C1yAn,,NVT,ug/l
lobith.ponton,"Lobith, ponton",meting,CONCTTE,OW,(massa)Concentratie 2-chloor-4-nitrotolueen in Oppervlaktewater in ug/l,NVT,NVT,2Cl4NO2Tol,,NVT,ug/l
lobith.ponton,"Lobith, ponton",meting,CONCTTE,OW,(massa)Concentratie 2-chloor-6-nitrotolueen in Oppervlaktewater in ug/l,NVT,NVT,2Cl6NO2Tol,,NVT,ug/l
lobith.ponton,"Lobith, ponton",meting,CONCTTE,OW,(massa)Concentratie 2-chlooraniline in Oppervlaktewater in ug/l,NVT,NVT,2ClAn,,NVT,ug/l
lobith.ponton,"Lobith, ponton",meting,CONCTTE,OW,(massa)Concentratie 2-chloorethanol in Oppervlaktewater in ug/l,NVT,NVT,2ClC2ol,,NVT,ug/l
lobith.ponton,"Lobith, ponton",meting,CONCTTE,OW,(massa)Concentratie 2-chloorfenol in Oppervlaktewater in ug/l,NVT,NVT,2ClFol,,NVT,ug/l
lobith.ponton,"Lobith, ponton",meting,CONCTTE,OW,Gemiddelde (massa)Concentratie 2-chloortolueen in Oppervlaktewater in ug/l,GEM,NVT,2ClTol,,NVT,ug/l
lobith.ponton,"Lobith, ponton",meting,CONCTTE,OW,(massa)Concentratie 2-chloortolueen in Oppervlaktewater in ug/l,NVT,NVT,2ClTol,,NVT,ug/l
lobith.ponton,"Lobith, ponton",meting,CONCTTE,OW,(massa)Concentratie 2-hydroxyatrazine in Oppervlaktewater in ug/l,NVT,NVT,2HOxatzne,,NVT,ug/l
lobith.ponton,"Lobith, ponton",meting,CONCTTE,OW,(massa)Concentratie 2-hydroxyibuprofen in Oppervlaktewater in ug/l,NVT,NVT,2HOxibpfn,,NVT,ug/l
lobith.ponton,"Lobith, ponton",meting,CONCTTE,OW,Gemiddelde (massa)Concentratie 2-nitrotolueen in Oppervlaktewater in ug/l,GEM,NVT,2NO2Tol,,NVT,ug/l
lobith.ponton,"Lobith, ponton",meting,CONCTTE,OW,(massa)Concentratie 6:2 fluortelomeersulfonzuur in Oppervlaktewater in ug/l,NVT,NVT,2PFC6yC2a1sf,,NVT,ug/l
lobith.ponton,"Lobith, ponton",meting,CONCTTE,OW,Gemiddelde (massa)Concentratie 2-trifluoromethylbenzamide in Oppervlaktewater in ug/l,GEM,NVT,2TFC1yBenAd,,NVT,ug/l
lobith.ponton,"Lobith, ponton",meting,CONCTTE,OW,"(massa)Concentratie 3,3'-dichloorbenzidine in Oppervlaktewater in ug/l",NVT,NVT,33DClbzdne,,NVT,ug/l
lobith.ponton,"Lobith, ponton",meting,CONCTTE,OW,"(massa)Concentratie 3,4,5-trichloorfenol in Oppervlaktewater in ug/l",NVT,NVT,345TClFol,,NVT,ug/l
lobith.ponton,"Lobith, ponton",meting,CONCTTE,OW,"Gemiddelde (massa)Concentratie 3,4-dichlooraniline in Oppervlaktewater in ug/l",GEM,NVT,34DClAn,,NVT,ug/l
lobith.ponton,"Lobith, ponton",meting,CONCTTE,OW,"(massa)Concentratie 3,4-dichlooraniline in Oppervlaktewater in ug/l",NVT,NVT,34DClAn,,NVT,ug/l
lobith.ponton,"Lobith, ponton",meting,CONCTTE,OW,"(massa)Concentratie 3,4-dichloorfenol in Oppervlaktewater in ug/l",NVT,NVT,34DClFol,,NVT,ug/l
lobith.ponton,"Lobith, ponton",meting,CONCTTE,OW,"(massa)Concentratie 3,4-dichloornitrobenzeen in Oppervlaktewater in ug/l",NVT,NVT,34DClNO2Ben,,NVT,ug/l
lobith.ponton,"Lobith, ponton",meting,CONCTTE,OW,"(massa)Concentratie 3,5-dichlooraniline in Oppervlaktewater in ug/l",NVT,NVT,35DClAn,,NVT,ug/l
lobith.ponton,"Lobith, ponton",meting,CONCTTE,OW,"(massa)Concentratie 3,5-dichloorfenol in Oppervlaktewater in ug/l",NVT,NVT,35DClFol,,NVT,ug/l
lobith.ponton,"Lobith, ponton",meting,CONCTTE,OW,(massa)Concentratie 3-(hydroxymethylfosfinoyl)propionzuur in Oppervlaktewater in ug/l,NVT,NVT,3C1yPppozr,,NVT,ug/l
lobith.ponton,"Lobith, ponton",meting,CONCTTE,OW,(massa)Concentratie 3-ethyltolueen in Oppervlaktewater in ug/l,NVT,NVT,3C2yTol,,NVT,ug/l
lobith.ponton,"Lobith, ponton",meting,CONCTTE,OW,(massa)Concentratie 3-chloor-2-methylaniline in Oppervlaktewater in ug/l,NVT,NVT,3Cl2C1yAn,,NVT,ug/l
lobith.ponton,"Lobith, ponton",meting,CONCTTE,OW,(massa)Concentratie 3-chloor-4-methylaniline in Oppervlaktewater in ug/l,NVT,NVT,3Cl4C1yAn,,NVT,ug/l
lobith.ponton,"Lobith, ponton",meting,CONCTTE,OW,(massa)Concentratie 3-chloor-4-nitrotolueen in Oppervlaktewater in ug/l,NVT,NVT,3Cl4NO2Tol,,NVT,ug/l
lobith.ponton,"Lobith, ponton",meting,CONCTTE,OW,(massa)Concentratie 3-chlooraniline in Oppervlaktewater in ug/l,NVT,NVT,3ClAn,,NVT,ug/l
lobith.ponton,"Lobith, ponton",meting,CONCTTE,OW,(massa)Concentratie 3-chloorpropeen in Oppervlaktewater in ug/l,NVT,NVT,3ClC3e,,NVT,ug/l
lobith.ponton,"Lobith, ponton",meting,CONCTTE,OW,(massa)Concentratie 3-chloorfenol in Oppervlaktewater in ug/l,NVT,NVT,3ClFol,,NVT,ug/l
lobith.ponton,"Lobith, ponton",meting,CONCTTE,OW,(massa)Concentratie 3-chloortolueen in Oppervlaktewater in ug/l,NVT,NVT,3ClTol,,NVT,ug/l
lobith.ponton,"Lobith, ponton",meting,CONCTTE,OW,"(massa)Concentratie 4,4'-methyleendifenol in Oppervlaktewater in ug/l",NVT,NVT,44bisFolF,,NVT,ug/l
lobith.ponton,"Lobith, ponton",meting,CONCTTE,OW,"(massa)Concentratie 4,4'-dichloordifenyldichloorethaan in Oppervlaktewater in ug/l",NVT,NVT,44DDD,,NVT,ug/l
lobith.ponton,"Lobith, ponton",meting,CONCTTE,OW,"(massa)Concentratie 4,4'-dichloordifenyldichlooretheen in Oppervlaktewater in ug/l",NVT,NVT,44DDE,,NVT,ug/l
lobith.ponton,"Lobith, ponton",meting,CONCTTE,OW,"(massa)Concentratie 4,4'-dichloordifenyltrichloorethaan in Oppervlaktewater in ug/l",NVT,NVT,44DDT,,NVT,ug/l
lobith.ponton,"Lobith, ponton",meting,CONCTTE,OW,"(massa)Concentratie 4,4'-sulfonyldifenol in Oppervlaktewater in ug/l",NVT,NVT,44sulfnDFol,,NVT,ug/l
lobith.ponton,"Lobith, ponton",meting,CONCTTE,OW,(massa)Concentratie 4-ethyltolueen in Oppervlaktewater in ug/l,NVT,NVT,4C2yTol,,NVT,ug/l
lobith.ponton,"Lobith, ponton",meting,CONCTTE,OW,(massa)Concentratie 4-nonylfenol in Oppervlaktewater in ug/l,NVT,NVT,4C9yFol,,NVT,ug/l
lobith.ponton,"Lobith, ponton",meting,CONCTTE,OW,(massa)Concentratie 4-chloor-2-nitroaniline in Oppervlaktewater in ug/l,NVT,NVT,4Cl2NO2An,,NVT,ug/l
lobith.ponton,"Lobith, ponton",meting,CONCTTE,OW,(massa)Concentratie 4-chloor-2-nitrotolueen in Oppervlaktewater in ug/l,NVT,NVT,4Cl2NO2Tol,,NVT,ug/l
lobith.ponton,"Lobith, ponton",meting,CONCTTE,OW,(massa)Concentratie 4-chloor-3-methylfenol in Oppervlaktewater in ug/l,NVT,NVT,4Cl3C1yFol,,NVT,ug/l
lobith.ponton,"Lobith, ponton",meting,CONCTTE,OW,(massa)Concentratie 4-chloor-3-nitrotolueen in Oppervlaktewater in ug/l,NVT,NVT,4Cl3NO2Tol,,NVT,ug/l
lobith.ponton,"Lobith, ponton",meting,CONCTTE,OW,Gemiddelde (massa)Concentratie 4-chlooraniline in Oppervlaktewater in ug/l,GEM,NVT,4ClAn,,NVT,ug/l
lobith.ponton,"Lobith, ponton",meting,CONCTTE,OW,(massa)Concentratie 4-chlooraniline in Oppervlaktewater in ug/l,NVT,NVT,4ClAn,,NVT,ug/l
lobith.ponton,"Lobith, ponton",meting,CONCTTE,OW,(massa)Concentratie 4-chloorfenol in Oppervlaktewater in ug/l,NVT,NVT,4ClFol,,NVT,ug/l
lobith.ponton,"Lobith, ponton",meting,CONCTTE,OW,(massa)Concentratie 4-chloortolueen in Oppervlaktewater in ug/l,NVT,NVT,4ClTol,,NVT,ug/l
lobith.ponton,"Lobith, ponton",meting,CONCTTE,OW,(massa)Concentratie 4-formylaminoantipyrine in Oppervlaktewater in ug/l,NVT,NVT,4formAoatprn,,NVT,ug/l
lobith.ponton,"Lobith, ponton",meting,CONCTTE,OW,(massa)Concentratie 4-nitrofenol in Oppervlaktewater in ug/l,NVT,NVT,4NO2Fol,,NVT,ug/l
lobith.ponton,"Lobith, ponton",meting,CONCTTE,OW,(massa)Concentratie 4-oxoisoforon in Oppervlaktewater in ug/l,NVT,NVT,4Ooifrn,,NVT,ug/l
lobith.ponton,"Lobith, ponton",meting,CONCTTE,OW,(massa)Concentratie 4-tertiair-octylfenol in Oppervlaktewater in ug/l,NVT,NVT,4ttC8yFol,,NVT,ug/l
lobith.ponton,"Lobith, ponton",meting,CONCTTE,OW,(massa)Concentratie 5-chloor-2-methylaniline in Oppervlaktewater in ug/l,NVT,NVT,5Cl2C1yAn,,NVT,ug/l
lobith.ponton,"Lobith, ponton",meting,CONCTTE,OW,(massa)Concentratie 5-chloor-2-nitrotolueen in Oppervlaktewater in ug/l,NVT,NVT,5Cl2NO2Tol,,NVT,ug/l
lobith.ponton,"Lobith, ponton",meting,CONCTTE,OW,(massa)Concentratie 9-chloorhexadecaanfluor-3-oxanon-1-sulfonzuur in Oppervlaktewater in ug/l,NVT,NVT,9-Cl-PF3ONS,,NVT,ug/l
lobith.ponton,"Lobith, ponton",meting,CONCTTE,OW,"(massa)Concentratie alfa,alfa-dichloortolueen in Oppervlaktewater in ug/l",NVT,NVT,aaDClTol,,NVT,ug/l
lobith.ponton,"Lobith, ponton",meting,CONCTTE,OW,(massa)Concentratie abamectine in Oppervlaktewater in ug/l,NVT,NVT,abmtne,,NVT,ug/l
lobith.ponton,"Lobith, ponton",meting,CONCTTE,OW,(massa)Concentratie acridine in Oppervlaktewater in ug/l,NVT,NVT,acdne,,NVT,ug/l
lobith.ponton,"Lobith, ponton",meting,CONCTTE,OW,(massa)Concentratie acenafteen in Oppervlaktewater in ug/l,NVT,NVT,AcNe,,NVT,ug/l
lobith.ponton,"Lobith, ponton",meting,CONCTTE,OW,(massa)Concentratie aclonifen in Oppervlaktewater in ug/l,NVT,NVT,acnfn,,NVT,ug/l
lobith.ponton,"Lobith, ponton",meting,CONCTTE,OW,(massa)Concentratie acenaftyleen in Oppervlaktewater in ug/l,NVT,NVT,AcNy,,NVT,ug/l
lobith.ponton,"Lobith, ponton",meting,CONCTTE,OW,(massa)Concentratie acesulfaam in Oppervlaktewater in ug/l,NVT,NVT,acsfm,,NVT,ug/l
lobith.ponton,"Lobith, ponton",meting,CONCTTE,OW,(massa)Concentratie acetofenon in Oppervlaktewater in ug/l,NVT,NVT,actfnn,,NVT,ug/l
lobith.ponton,"Lobith, ponton",meting,CONCTTE,OW,(massa)Concentratie acetamiprid in Oppervlaktewater in ug/l,NVT,NVT,actmpd,,NVT,ug/l
lobith.ponton,"Lobith, ponton",meting,CONCTTE,OW,(massa)Concentratie aceton in Oppervlaktewater in ug/l,NVT,NVT,actn,,NVT,ug/l
lobith.ponton,"Lobith, ponton",meting,CONCTTE,OW,(massa)Concentratie acetylsulfamethoxazol in Oppervlaktewater in ug/l,NVT,NVT,actsfmtozl,,NVT,ug/l
lobith.ponton,"Lobith, ponton",meting,CONCTTE,OW,(massa)Concentratie celestolide in Oppervlaktewater in ug/l,NVT,NVT,ADBI,,NVT,ug/l
lobith.ponton,"Lobith, ponton",meting,CONCTTE,OW,(massa)Concentratie alfa-endosulfan in Oppervlaktewater in ug/l,NVT,NVT,aedsfn,,NVT,ug/l
lobith.ponton,"Lobith, ponton",meting,CONCTTE,OW,(massa)Concentratie zilver in Oppervlaktewater in ug/l,NVT,NVT,Ag,,NVT,ug/l
lobith.ponton,"Lobith, ponton",meting,CONCTTE,OW,(massa)Concentratie alfa-hexachloorcyclohexaan in Oppervlaktewater in ug/l,NVT,NVT,aHCH,,NVT,ug/l
lobith.ponton,"Lobith, ponton",meting,CONCTTE,OW,"(massa)Concentratie 5-acetyl-1,1,2,3,3,6-hexamethylindaan in Oppervlaktewater in ug/l",NVT,NVT,AHMI,,NVT,ug/l
lobith.ponton,"Lobith, ponton",meting,CONCTTE,OW,(massa)Concentratie tonalide in Oppervlaktewater in ug/l,NVT,NVT,AHTN,,NVT,ug/l
lobith.ponton,"Lobith, ponton",meting,CONCTTE,OW,(massa)Concentratie aluminium in Oppervlaktewater in ug/l,NVT,NVT,Al,,NVT,ug/l
lobith.ponton,"Lobith, ponton",meting,CONCTTE,OW,Gemiddelde (massa)Concentratie alachloor in Oppervlaktewater in ug/l,GEM,NVT,alCl,,NVT,ug/l
lobith.ponton,"Lobith, ponton",meting,CONCTTE,OW,(massa)Concentratie alachloor in Oppervlaktewater in ug/l,NVT,NVT,alCl,,NVT,ug/l
lobith.ponton,"Lobith, ponton",meting,CONCTTE,OW,(massa)Concentratie aldicarb in Oppervlaktewater in ug/l,NVT,NVT,alDcb,,NVT,ug/l
lobith.ponton,"Lobith, ponton",meting,CONCTTE,OW,(massa)Concentratie aldicarbsulfon in Oppervlaktewater in ug/l,NVT,NVT,alDcsfn,,NVT,ug/l
lobith.ponton,"Lobith, ponton",meting,CONCTTE,OW,(massa)Concentratie aldicarbsulfoxide in Oppervlaktewater in ug/l,NVT,NVT,alDcSO,,NVT,ug/l
lobith.ponton,"Lobith, ponton",meting,CONCTTE,OW,(massa)Concentratie aldrin in Oppervlaktewater in ug/l,NVT,NVT,aldn,,NVT,ug/l
lobith.ponton,"Lobith, ponton",meting,CONCTTE,OW,(massa)Concentratie amidotrizoïnezuur in Oppervlaktewater in ug/l,NVT,NVT,amdTzinzr,,NVT,ug/l
lobith.ponton,"Lobith, ponton",meting,CONCTTE,OW,(massa)Concentratie aminomethylfosfonzuur in Oppervlaktewater in ug/l,NVT,NVT,AMPA,,NVT,ug/l
lobith.ponton,"Lobith, ponton",meting,CONCTTE,OW,(massa)Concentratie amisulpride in Oppervlaktewater in ug/l,NVT,NVT,amspde,,NVT,ug/l
lobith.ponton,"Lobith, ponton",meting,CONCTTE,OW,(massa)Concentratie amoxicilline in Oppervlaktewater in ug/l,NVT,NVT,amxclne,,NVT,ug/l
lobith.ponton,"Lobith, ponton",meting,CONCTTE,OW,(massa)Concentratie antraceen in Oppervlaktewater in ug/l,NVT,NVT,Ant,,NVT,ug/l
lobith.ponton,"Lobith, ponton",meting,CONCTTE,OW,(massa)Concentratie antrachinon in Oppervlaktewater in ug/l,NVT,NVT,antcnn,,NVT,ug/l
lobith.ponton,"Lobith, ponton",meting,CONCTTE,OW,(massa)Concentratie arseen in Oppervlaktewater in ug/l,NVT,NVT,As,,NVT,ug/l
lobith.ponton,"Lobith, ponton",meting,CONCTTE,OW,(massa)Concentratie acetylcedreen in Oppervlaktewater in ug/l,NVT,NVT,ATCD,,NVT,ug/l
lobith.ponton,"Lobith, ponton",meting,CONCTTE,OW,(massa)Concentratie atenolol in Oppervlaktewater in ug/l,NVT,NVT,atnll,,NVT,ug/l
lobith.ponton,"Lobith, ponton",meting,CONCTTE,OW,(massa)Concentratie adenosine-trifosfaat in Oppervlaktewater in ug/l,NVT,NVT,ATP,,NVT,ug/l
lobith.ponton,"Lobith, ponton",meting,CONCTTE,OW,(massa)Concentratie traseolide in Oppervlaktewater in ug/l,NVT,NVT,ATTI,,NVT,ug/l
lobith.ponton,"Lobith, ponton",meting,CONCTTE,OW,Gemiddelde (massa)Concentratie atrazine in Oppervlaktewater in ug/l,GEM,NVT,atzne,,NVT,ug/l
lobith.ponton,"Lobith, ponton",meting,CONCTTE,OW,(massa)Concentratie atrazine in Oppervlaktewater in ug/l,NVT,NVT,atzne,,NVT,ug/l
lobith.ponton,"Lobith, ponton",meting,CONCTTE,OW,(massa)Concentratie avobenzone in Oppervlaktewater in ug/l,NVT,NVT,avBenzn,,NVT,ug/l
lobith.ponton,"Lobith, ponton",meting,CONCTTE,OW,(massa)Concentratie azoxystrobin in Oppervlaktewater in ug/l,NVT,NVT,azoxsbn,,NVT,ug/l
lobith.ponton,"Lobith, ponton",meting,CONCTTE,OW,(massa)Concentratie azitromycine in Oppervlaktewater in ug/l,NVT,NVT,aztmcne,,NVT,ug/l
lobith.ponton,"Lobith, ponton",meting,CONCTTE,OW,(massa)Concentratie boor in Oppervlaktewater in ug/l,NVT,NVT,B,,NVT,ug/l
lobith.ponton,"Lobith, ponton",meting,CONCTTE,OW,(massa)Concentratie barium in Oppervlaktewater in ug/l,NVT,NVT,Ba,,NVT,ug/l
lobith.ponton,"Lobith, ponton",meting,CONCTTE,OW,(massa)Concentratie benzo(a)antraceen in Oppervlaktewater in ug/l,NVT,NVT,BaA,,NVT,ug/l
lobith.ponton,"Lobith, ponton",meting,CONCTTE,OW,(massa)Concentratie benzo(a)pyreen in Oppervlaktewater in ug/l,NVT,NVT,BaP,,NVT,ug/l
lobith.ponton,"Lobith, ponton",meting,CONCTTE,OW,(massa)Concentratie benzo(b)fluorantheen in Oppervlaktewater in ug/l,NVT,NVT,BbF,,NVT,ug/l
lobith.ponton,"Lobith, ponton",meting,CONCTTE,OW,(massa)Concentratie beryllium in Oppervlaktewater in ug/l,NVT,NVT,Be,,NVT,ug/l
lobith.ponton,"Lobith, ponton",meting,CONCTTE,OW,(massa)Concentratie beta-endosulfan in Oppervlaktewater in ug/l,NVT,NVT,bedsfn,,NVT,ug/l
lobith.ponton,"Lobith, ponton",meting,CONCTTE,OW,Gemiddelde (massa)Concentratie benzeen in Oppervlaktewater in ug/l,GEM,NVT,Ben,,NVT,ug/l
lobith.ponton,"Lobith, ponton",meting,CONCTTE,OW,(massa)Concentratie benzeen in Oppervlaktewater in ug/l,NVT,NVT,Ben,,NVT,ug/l
lobith.ponton,"Lobith, ponton",meting,CONCTTE,OW,(massa)Concentratie bentazon in Oppervlaktewater in ug/l,NVT,NVT,bentzn,,NVT,ug/l
lobith.ponton,"Lobith, ponton",meting,CONCTTE,OW,Gemiddelde (massa)Concentratie benzylchloride in Oppervlaktewater in ug/l,GEM,NVT,benzCl,,NVT,ug/l
lobith.ponton,"Lobith, ponton",meting,CONCTTE,OW,(massa)Concentratie benzylchloride in Oppervlaktewater in ug/l,NVT,NVT,benzCl,,NVT,ug/l
lobith.ponton,"Lobith, ponton",meting,CONCTTE,OW,(massa)Concentratie benzidine in Oppervlaktewater in ug/l,NVT,NVT,benzdne,,NVT,ug/l
lobith.ponton,"Lobith, ponton",meting,CONCTTE,OW,(massa)Concentratie benzofenon in Oppervlaktewater in ug/l,NVT,NVT,benzfnn,,NVT,ug/l
lobith.ponton,"Lobith, ponton",meting,CONCTTE,OW,(massa)Concentratie benzonitril in Oppervlaktewater in ug/l,NVT,NVT,benzntl,,NVT,ug/l
lobith.ponton,"Lobith, ponton",meting,CONCTTE,OW,(massa)Concentratie bezafibraat in Oppervlaktewater in ug/l,NVT,NVT,bezafbt,,NVT,ug/l
lobith.ponton,"Lobith, ponton",meting,CONCTTE,OW,(massa)Concentratie bifenox in Oppervlaktewater in ug/l,NVT,NVT,bfnx,,NVT,ug/l
lobith.ponton,"Lobith, ponton",meting,CONCTTE,OW,(massa)Concentratie benzo(ghi)peryleen in Oppervlaktewater in ug/l,NVT,NVT,BghiPe,,NVT,ug/l
lobith.ponton,"Lobith, ponton",meting,CONCTTE,OW,(massa)Concentratie beta-hexachloorcyclohexaan in Oppervlaktewater in ug/l,NVT,NVT,bHCH,,NVT,ug/l
lobith.ponton,"Lobith, ponton",meting,CONCTTE,OW,(massa)Concentratie bifenyl in Oppervlaktewater in ug/l,NVT,NVT,biFy,,NVT,ug/l
lobith.ponton,"Lobith, ponton",meting,CONCTTE,OW,Gemiddelde (massa)Concentratie bis(2-methoxyethyl)ether in Oppervlaktewater in ug/l,GEM,NVT,bis2C1oxC2yE,,NVT,ug/l
lobith.ponton,"Lobith, ponton",meting,CONCTTE,OW,(massa)Concentratie bis(2-methoxyethyl)ether in Oppervlaktewater in ug/l,NVT,NVT,bis2C1oxC2yE,,NVT,ug/l
lobith.ponton,"Lobith, ponton",meting,CONCTTE,OW,(massa)Concentratie bisfenol-A in Oppervlaktewater in ug/l,NVT,NVT,bisFolA,,NVT,ug/l
lobith.ponton,"Lobith, ponton",meting,CONCTTE,OW,(massa)Concentratie bisoprolol in Oppervlaktewater in ug/l,NVT,NVT,bispll,,NVT,ug/l
lobith.ponton,"Lobith, ponton",meting,CONCTTE,OW,(massa)Concentratie benzo(k)fluorantheen in Oppervlaktewater in ug/l,NVT,NVT,BkF,,NVT,ug/l
lobith.ponton,"Lobith, ponton",meting,CONCTTE,OW,(massa)Concentratie bromacil in Oppervlaktewater in ug/l,NVT,NVT,bromcl,,NVT,ug/l
lobith.ponton,"Lobith, ponton",meting,CONCTTE,OW,(massa)Concentratie butocarboxim in Oppervlaktewater in ug/l,NVT,NVT,butcbOxm,,NVT,ug/l
lobith.ponton,"Lobith, ponton",meting,CONCTTE,OW,(massa)Concentratie butocarboximsulfon in Oppervlaktewater in ug/l,NVT,NVT,butcbOxmsfn,,NVT,ug/l
lobith.ponton,"Lobith, ponton",meting,CONCTTE,OW,(massa)Concentratie butocarboximsulfoxide in Oppervlaktewater in ug/l,NVT,NVT,butcbOxmSO,,NVT,ug/l
lobith.ponton,"Lobith, ponton",meting,CONCTTE,OW,"Gemiddelde (massa)Concentratie cis-1,2-dichlooretheen in Oppervlaktewater in ug/l",GEM,NVT,c12DClC2e,,NVT,ug/l
lobith.ponton,"Lobith, ponton",meting,CONCTTE,OW,"(massa)Concentratie cis-1,2-dichlooretheen in Oppervlaktewater in ug/l",NVT,NVT,c12DClC2e,,NVT,ug/l
lobith.ponton,"Lobith, ponton",meting,CONCTTE,OW,"(massa)Concentratie cis-1,3-dichloorpropeen in Oppervlaktewater in ug/l",NVT,NVT,c13DClC3e,,NVT,ug/l
lobith.ponton,"Lobith, ponton",meting,CONCTTE,OW,(massa)Concentratie N-[3-(Dimethylamino)Propyl]Tridecafluorhexaansulfonamide in Oppervlaktewater in ug/l,NVT,NVT,C1yAoC3yHxSA,,NVT,ug/l
lobith.ponton,"Lobith, ponton",meting,CONCTTE,OW,(massa)Concentratie methylazinfos in Oppervlaktewater in ug/l,NVT,NVT,C1yazfs,,NVT,ug/l
lobith.ponton,"Lobith, ponton",meting,CONCTTE,OW,(massa)Concentratie methylcyclopentaan in Oppervlaktewater in ug/l,NVT,NVT,C1yccC5a,,NVT,ug/l
lobith.ponton,"Lobith, ponton",meting,CONCTTE,OW,(massa)Concentratie methylcyclohexaan in Oppervlaktewater in ug/l,NVT,NVT,C1yccC6a,,NVT,ug/l
lobith.ponton,"Lobith, ponton",meting,CONCTTE,OW,Gemiddelde (massa)Concentratie methylisothiocyanaat in Oppervlaktewater in ug/l,GEM,NVT,C1yitoCN,,NVT,ug/l
lobith.ponton,"Lobith, ponton",meting,CONCTTE,OW,(massa)Concentratie methyl-metsulfuron in Oppervlaktewater in ug/l,NVT,NVT,C1ymsfrn,,NVT,ug/l
lobith.ponton,"Lobith, ponton",meting,CONCTTE,OW,(massa)Concentratie methylmethacrylaat in Oppervlaktewater in ug/l,NVT,NVT,C1ymtclt,,NVT,ug/l
lobith.ponton,"Lobith, ponton",meting,CONCTTE,OW,(massa)Concentratie methyloxydemeton in Oppervlaktewater in ug/l,NVT,NVT,C1yOxdmtn,,NVT,ug/l
lobith.ponton,"Lobith, ponton",meting,CONCTTE,OW,(massa)Concentratie methylpirimifos in Oppervlaktewater in ug/l,NVT,NVT,C1yprmfs,,NVT,ug/l
lobith.ponton,"Lobith, ponton",meting,CONCTTE,OW,(massa)Concentratie methylparathion in Oppervlaktewater in ug/l,NVT,NVT,C1yprton,,NVT,ug/l
lobith.ponton,"Lobith, ponton",meting,CONCTTE,OW,Gemiddelde (massa)Concentratie methyl-tertiair-butylether in Oppervlaktewater in ug/l,GEM,NVT,C1yttC4yEtr,,NVT,ug/l
lobith.ponton,"Lobith, ponton",meting,CONCTTE,OW,(massa)Concentratie methyl-tertiair-butylether in Oppervlaktewater in ug/l,NVT,NVT,C1yttC4yEtr,,NVT,ug/l
lobith.ponton,"Lobith, ponton",meting,CONCTTE,OW,(massa)Concentratie octacosaan in Oppervlaktewater in ug/l,NVT,NVT,C28a,,NVT,ug/l
lobith.ponton,"Lobith, ponton",meting,CONCTTE,OW,(massa)Concentratie ethylazinfos in Oppervlaktewater in ug/l,NVT,NVT,C2yazfs,,NVT,ug/l
lobith.ponton,"Lobith, ponton",meting,CONCTTE,OW,Gemiddelde (massa)Concentratie ethylbenzeen in Oppervlaktewater in ug/l,GEM,NVT,C2yBen,,NVT,ug/l
lobith.ponton,"Lobith, ponton",meting,CONCTTE,OW,(massa)Concentratie ethylbenzeen in Oppervlaktewater in ug/l,NVT,NVT,C2yBen,,NVT,ug/l
lobith.ponton,"Lobith, ponton",meting,CONCTTE,OW,(massa)Concentratie ethylchloorpyrifos in Oppervlaktewater in ug/l,NVT,NVT,C2yClprfs,,NVT,ug/l
lobith.ponton,"Lobith, ponton",meting,CONCTTE,OW,(massa)Concentratie ethylparathion in Oppervlaktewater in ug/l,NVT,NVT,C2yprton,,NVT,ug/l
lobith.ponton,"Lobith, ponton",meting,CONCTTE,OW,(massa)Concentratie propanol in Oppervlaktewater in ug/l,NVT,NVT,C3ol,,NVT,ug/l
lobith.ponton,"Lobith, ponton",meting,CONCTTE,OW,(massa)Concentratie butylbenzeensulfonamide in Oppervlaktewater in ug/l,NVT,NVT,C4yBensfAd,,NVT,ug/l
lobith.ponton,"Lobith, ponton",meting,CONCTTE,OW,(massa)Concentratie caffeine in Oppervlaktewater in ug/l,NVT,NVT,caffine,,NVT,ug/l
lobith.ponton,"Lobith, ponton",meting,CONCTTE,OW,(massa)Concentratie camfor in Oppervlaktewater in ug/l,NVT,NVT,camfr,,NVT,ug/l
lobith.ponton,"Lobith, ponton",meting,CONCTTE,OW,(massa)Concentratie candesartan in Oppervlaktewater in ug/l,NVT,NVT,candstn,,NVT,ug/l
lobith.ponton,"Lobith, ponton",meting,CONCTTE,OW,(massa)Concentratie captan in Oppervlaktewater in ug/l,NVT,NVT,captn,,NVT,ug/l
lobith.ponton,"Lobith, ponton",meting,CONCTTE,OW,(massa)Concentratie carbendazim in Oppervlaktewater in ug/l,NVT,NVT,carbdzm,,NVT,ug/l
lobith.ponton,"Lobith, ponton",meting,CONCTTE,OW,(massa)Concentratie carbofuran in Oppervlaktewater in ug/l,NVT,NVT,carbfrn,,NVT,ug/l
lobith.ponton,"Lobith, ponton",meting,CONCTTE,OW,Gemiddelde (massa)Concentratie carbamazepine in Oppervlaktewater in ug/l,GEM,NVT,carbmzpne,,NVT,ug/l
lobith.ponton,"Lobith, ponton",meting,CONCTTE,OW,(massa)Concentratie carbamazepine in Oppervlaktewater in ug/l,NVT,NVT,carbmzpne,,NVT,ug/l
lobith.ponton,"Lobith, ponton",meting,CONCTTE,OW,(massa)Concentratie carbaryl in Oppervlaktewater in ug/l,NVT,NVT,carbrl,,NVT,ug/l
lobith.ponton,"Lobith, ponton",meting,CONCTTE,OW,Gemiddelde (massa)Concentratie cyclopentaan in Oppervlaktewater in ug/l,GEM,NVT,ccC5a,,NVT,ug/l
lobith.ponton,"Lobith, ponton",meting,CONCTTE,OW,(massa)Concentratie cadmium in Oppervlaktewater in ug/l,NVT,NVT,Cd,,NVT,ug/l
lobith.ponton,"Lobith, ponton",meting,CONCTTE,OW,(massa)Concentratie cerium in Oppervlaktewater in ug/l,NVT,NVT,Ce,,NVT,ug/l
lobith.ponton,"Lobith, ponton",meting,CONCTTE,OW,"(massa)Concentratie 1,1,2-trichloor-1,2,2-trifluorethaan in Oppervlaktewater in ug/l",NVT,NVT,CFK113,,NVT,ug/l
lobith.ponton,"Lobith, ponton",meting,CONCTTE,OW,(massa)Concentratie gamma-hexachloorcyclohexaan (lindaan) in Oppervlaktewater in ug/l,NVT,NVT,cHCH,,NVT,ug/l
lobith.ponton,"Lobith, ponton",meting,CONCTTE,OW,(massa)Concentratie chlorofyl-a in Oppervlaktewater in ug/l,NVT,NVT,CHLFa,,NVT,ug/l
lobith.ponton,"Lobith, ponton",meting,CONCTTE,OW,Vermenigvuldigingsfactor 0.81 (massa)Concentratie chlorofyl-a in Oppervlaktewater in ug/l,other:FACTR081,NVT,CHLFa,,NVT,ug/l
lobith.ponton,"Lobith, ponton",meting,CONCTTE,OW,(massa)Concentratie cis-heptachloorepoxide in Oppervlaktewater in ug/l,NVT,NVT,cHpClepO,,NVT,ug/l
lobith.ponton,"Lobith, ponton",meting,CONCTTE,OW,(massa)Concentratie chryseen in Oppervlaktewater in ug/l,NVT,NVT,Chr,,NVT,ug/l
lobith.ponton,"Lobith, ponton",meting,CONCTTE,OW,(massa)Concentratie ciprofloxacine in Oppervlaktewater in ug/l,NVT,NVT,cipfxcne,,NVT,ug/l
lobith.ponton,"Lobith, ponton",meting,CONCTTE,OW,(massa)Concentratie citalopram in Oppervlaktewater in ug/l,NVT,NVT,citlpm,,NVT,ug/l
lobith.ponton,"Lobith, ponton",meting,CONCTTE,OW,(massa)Concentratie chlooramfenicol in Oppervlaktewater in ug/l,NVT,NVT,Clafncl,,NVT,ug/l
lobith.ponton,"Lobith, ponton",meting,CONCTTE,OW,(massa)Concentratie chloralhydraat in Oppervlaktewater in ug/l,NVT,NVT,Clahdt,,NVT,ug/l
lobith.ponton,"Lobith, ponton",meting,CONCTTE,OW,(massa)Concentratie claritromycine in Oppervlaktewater in ug/l,NVT,NVT,clartmcne,,NVT,ug/l
lobith.ponton,"Lobith, ponton",meting,CONCTTE,OW,Gemiddelde (massa)Concentratie chloorbenzeen in Oppervlaktewater in ug/l,GEM,NVT,ClBen,,NVT,ug/l
lobith.ponton,"Lobith, ponton",meting,CONCTTE,OW,(massa)Concentratie chloorbenzeen in Oppervlaktewater in ug/l,NVT,NVT,ClBen,,NVT,ug/l
lobith.ponton,"Lobith, ponton",meting,CONCTTE,OW,(massa)Concentratie chloorbromuron in Oppervlaktewater in ug/l,NVT,NVT,Clbmrn,,NVT,ug/l
lobith.ponton,"Lobith, ponton",meting,CONCTTE,OW,(massa)Concentratie chlooretheen (vinylchloride) in Oppervlaktewater in ug/l,NVT,NVT,ClC2e,,NVT,ug/l
lobith.ponton,"Lobith, ponton",meting,CONCTTE,OW,(massa)Concentratie chloordaan in Oppervlaktewater in ug/l,NVT,NVT,Cldn,,NVT,ug/l
lobith.ponton,"Lobith, ponton",meting,CONCTTE,OW,(massa)Concentratie chloorfluoraniline in Oppervlaktewater in ug/l,NVT,NVT,ClFAn,,NVT,ug/l
lobith.ponton,"Lobith, ponton",meting,CONCTTE,OW,(massa)Concentratie chloorfenvinfos in Oppervlaktewater in ug/l,NVT,NVT,Clfvfs,,NVT,ug/l
lobith.ponton,"Lobith, ponton",meting,CONCTTE,OW,(massa)Concentratie chloorazijnzuur in Oppervlaktewater in ug/l,NVT,NVT,ClHAc,,NVT,ug/l
lobith.ponton,"Lobith, ponton",meting,CONCTTE,OW,Gemiddelde (massa)Concentratie chloridazon in Oppervlaktewater in ug/l,GEM,NVT,Clidzn,,NVT,ug/l
lobith.ponton,"Lobith, ponton",meting,CONCTTE,OW,(massa)Concentratie chloridazon in Oppervlaktewater in ug/l,NVT,NVT,Clidzn,,NVT,ug/l
lobith.ponton,"Lobith, ponton",meting,CONCTTE,OW,(massa)Concentratie clindamycine in Oppervlaktewater in ug/l,NVT,NVT,clindmcne,,NVT,ug/l
lobith.ponton,"Lobith, ponton",meting,CONCTTE,OW,(massa)Concentratie clofibrinezuur in Oppervlaktewater in ug/l,NVT,NVT,clofbnzr,,NVT,ug/l
lobith.ponton,"Lobith, ponton",meting,CONCTTE,OW,(massa)Concentratie clofibraat in Oppervlaktewater in ug/l,NVT,NVT,clofbt,,NVT,ug/l
lobith.ponton,"Lobith, ponton",meting,CONCTTE,OW,(massa)Concentratie clomazon in Oppervlaktewater in ug/l,NVT,NVT,clomzn,,NVT,ug/l
lobith.ponton,"Lobith, ponton",meting,CONCTTE,OW,(massa)Concentratie clothianidine in Oppervlaktewater in ug/l,NVT,NVT,clotandne,,NVT,ug/l
lobith.ponton,"Lobith, ponton",meting,CONCTTE,OW,(massa)Concentratie clotrimazol in Oppervlaktewater in ug/l,NVT,NVT,clotmzl,,NVT,ug/l
lobith.ponton,"Lobith, ponton",meting,CONCTTE,OW,(massa)Concentratie chlooroxuron in Oppervlaktewater in ug/l,NVT,NVT,Cloxrn,,NVT,ug/l
lobith.ponton,"Lobith, ponton",meting,CONCTTE,OW,(massa)Concentratie clozapine in Oppervlaktewater in ug/l,NVT,NVT,clozpne,,NVT,ug/l
lobith.ponton,"Lobith, ponton",meting,CONCTTE,OW,(massa)Concentratie chloorprofam in Oppervlaktewater in ug/l,NVT,NVT,Clpfm,,NVT,ug/l
lobith.ponton,"Lobith, ponton",meting,CONCTTE,OW,(massa)Concentratie chloropreen in Oppervlaktewater in ug/l,NVT,NVT,Clpn,,NVT,ug/l
lobith.ponton,"Lobith, ponton",meting,CONCTTE,OW,Gemiddelde (massa)Concentratie chloortoluron in Oppervlaktewater in ug/l,GEM,NVT,Cltlrn,,NVT,ug/l
lobith.ponton,"Lobith, ponton",meting,CONCTTE,OW,(massa)Concentratie chloortoluron in Oppervlaktewater in ug/l,NVT,NVT,Cltlrn,,NVT,ug/l
lobith.ponton,"Lobith, ponton",meting,CONCTTE,OW,(massa)Concentratie chloorxylenol in Oppervlaktewater in ug/l,NVT,NVT,clxlnl,,NVT,ug/l
lobith.ponton,"Lobith, ponton",meting,CONCTTE,OW,(massa)Concentratie cyanide in Oppervlaktewater in ug/l,NVT,NVT,CN,,NVT,ug/l
lobith.ponton,"Lobith, ponton",meting,CONCTTE,OW,(massa)Concentratie cyaanguanidine in Oppervlaktewater in ug/l,NVT,NVT,CNgandne,,NVT,ug/l
lobith.ponton,"Lobith, ponton",meting,CONCTTE,OW,(massa)Concentratie cyanuurzuur in Oppervlaktewater in ug/l,NVT,NVT,CNuzr,,NVT,ug/l
lobith.ponton,"Lobith, ponton",meting,CONCTTE,OW,(massa)Concentratie kobalt in Oppervlaktewater in ug/l,NVT,NVT,Co,,NVT,ug/l
lobith.ponton,"Lobith, ponton",meting,CONCTTE,OW,"(massa)Concentratie Carboxymethyldimethyl-3-[{(3,3,4,4,5,5,6,6,7,7,8,8,8-tridecafluoroctyl)sulfonyl}amino]propylammonium hydroxide in Oppervlaktewater in ug/l",NVT,NVT,CoxC1yTC8yOH,,NVT,ug/l
lobith.ponton,"Lobith, ponton",meting,CONCTTE,OW,(massa)Concentratie chroom in Oppervlaktewater in ug/l,NVT,NVT,Cr,,NVT,ug/l
lobith.ponton,"Lobith, ponton",meting,CONCTTE,OW,(massa)Concentratie cesium in Oppervlaktewater in ug/l,NVT,NVT,Cs,,NVT,ug/l
lobith.ponton,"Lobith, ponton",meting,CONCTTE,OW,(massa)Concentratie koper in Oppervlaktewater in ug/l,NVT,NVT,Cu,,NVT,ug/l
lobith.ponton,"Lobith, ponton",meting,CONCTTE,OW,(massa)Concentratie cumafos in Oppervlaktewater in ug/l,NVT,NVT,cumfs,,NVT,ug/l
lobith.ponton,"Lobith, ponton",meting,CONCTTE,OW,Gemiddelde (massa)Concentratie cumeen in Oppervlaktewater in ug/l,GEM,NVT,cumn,,NVT,ug/l
lobith.ponton,"Lobith, ponton",meting,CONCTTE,OW,(massa)Concentratie cumeen in Oppervlaktewater in ug/l,NVT,NVT,cumn,,NVT,ug/l
lobith.ponton,"Lobith, ponton",meting,CONCTTE,OW,Gemiddelde (massa)Concentratie cyclohexaan in Oppervlaktewater in ug/l,GEM,NVT,cycC6a,,NVT,ug/l
lobith.ponton,"Lobith, ponton",meting,CONCTTE,OW,(massa)Concentratie cyclohexaan in Oppervlaktewater in ug/l,NVT,NVT,cycC6a,,NVT,ug/l
lobith.ponton,"Lobith, ponton",meting,CONCTTE,OW,Gemiddelde (massa)Concentratie cyclohexanon in Oppervlaktewater in ug/l,GEM,NVT,cycC6on,,NVT,ug/l
lobith.ponton,"Lobith, ponton",meting,CONCTTE,OW,(massa)Concentratie cyclohexanon in Oppervlaktewater in ug/l,NVT,NVT,cycC6on,,NVT,ug/l
lobith.ponton,"Lobith, ponton",meting,CONCTTE,OW,(massa)Concentratie cyclofosfamide in Oppervlaktewater in ug/l,NVT,NVT,cycffAd,,NVT,ug/l
lobith.ponton,"Lobith, ponton",meting,CONCTTE,OW,(massa)Concentratie cyclamaat in Oppervlaktewater in ug/l,NVT,NVT,cycmt,,NVT,ug/l
lobith.ponton,"Lobith, ponton",meting,CONCTTE,OW,(massa)Concentratie cyprodinil in Oppervlaktewater in ug/l,NVT,NVT,cypdnl,,NVT,ug/l
lobith.ponton,"Lobith, ponton",meting,CONCTTE,OW,(massa)Concentratie cypermethrin in Oppervlaktewater in ug/l,NVT,NVT,cypmtn,,NVT,ug/l
lobith.ponton,"Lobith, ponton",meting,CONCTTE,OW,(massa)Concentratie diazinon in Oppervlaktewater in ug/l,NVT,NVT,Daznn,,NVT,ug/l
lobith.ponton,"Lobith, ponton",meting,CONCTTE,OW,"(massa)Concentratie dibenzo(a,h)antraceen in Oppervlaktewater in ug/l",NVT,NVT,DBahAnt,,NVT,ug/l
lobith.ponton,"Lobith, ponton",meting,CONCTTE,OW,(massa)Concentratie dibroommethaan in Oppervlaktewater in ug/l,NVT,NVT,DBrC1a,,NVT,ug/l
lobith.ponton,"Lobith, ponton",meting,CONCTTE,OW,(massa)Concentratie dibroomchloormethaan in Oppervlaktewater in ug/l,NVT,NVT,DBrClC1a,,NVT,ug/l
lobith.ponton,"Lobith, ponton",meting,CONCTTE,OW,(massa)Concentratie dimethoxymethaan in Oppervlaktewater in ug/l,NVT,NVT,DC1oxC1a,,NVT,ug/l
lobith.ponton,"Lobith, ponton",meting,CONCTTE,OW,(massa)Concentratie dimethylamine in Oppervlaktewater in ug/l,NVT,NVT,DC1yAe,,NVT,ug/l
lobith.ponton,"Lobith, ponton",meting,CONCTTE,OW,(massa)Concentratie dimethyldisulfide in Oppervlaktewater in ug/l,NVT,NVT,DC1yDS,,NVT,ug/l
lobith.ponton,"Lobith, ponton",meting,CONCTTE,OW,(massa)Concentratie diethylamine in Oppervlaktewater in ug/l,NVT,NVT,DC2yAe,,NVT,ug/l
lobith.ponton,"Lobith, ponton",meting,CONCTTE,OW,(massa)Concentratie diethylftalaat in Oppervlaktewater in ug/l,NVT,NVT,DC2yFt,,NVT,ug/l
lobith.ponton,"Lobith, ponton",meting,CONCTTE,OW,(massa)Concentratie dipropyleenglycolmonomethylether in Oppervlaktewater in ug/l,NVT,NVT,DC3yegcC1yEt,,NVT,ug/l
lobith.ponton,"Lobith, ponton",meting,CONCTTE,OW,(massa)Concentratie dioctylftalaat in Oppervlaktewater in ug/l,NVT,NVT,DC8yFt,,NVT,ug/l
lobith.ponton,"Lobith, ponton",meting,CONCTTE,OW,(massa)Concentratie dichlobenil in Oppervlaktewater in ug/l,NVT,NVT,Dcbnl,,NVT,ug/l
lobith.ponton,"Lobith, ponton",meting,CONCTTE,OW,(massa)Concentratie dicyclopentadieen in Oppervlaktewater in ug/l,NVT,NVT,DccPeDen,,NVT,ug/l
lobith.ponton,"Lobith, ponton",meting,CONCTTE,OW,(massa)Concentratie dicofol in Oppervlaktewater in ug/l,NVT,NVT,Dcfl,,NVT,ug/l
lobith.ponton,"Lobith, ponton",meting,CONCTTE,OW,(massa)Concentratie dichloorbroommethaan in Oppervlaktewater in ug/l,NVT,NVT,DClBrC1a,,NVT,ug/l
lobith.ponton,"Lobith, ponton",meting,CONCTTE,OW,(massa)Concentratie dichloormethaan in Oppervlaktewater in ug/l,NVT,NVT,DClC1a,,NVT,ug/l
lobith.ponton,"Lobith, ponton",meting,CONCTTE,OW,"(massa)Concentratie 2,2'-Dichloordiisopropyl ether in Oppervlaktewater in ug/l",NVT,NVT,DClDiC3yEtr,,NVT,ug/l
lobith.ponton,"Lobith, ponton",meting,CONCTTE,OW,Gemiddelde (massa)Concentratie diclofenac in Oppervlaktewater in ug/l,GEM,NVT,Dclofnc,,NVT,ug/l
lobith.ponton,"Lobith, ponton",meting,CONCTTE,OW,(massa)Concentratie diclofenac in Oppervlaktewater in ug/l,NVT,NVT,Dclofnc,,NVT,ug/l
lobith.ponton,"Lobith, ponton",meting,CONCTTE,OW,Gemiddelde (massa)Concentratie dichloorvos in Oppervlaktewater in ug/l,GEM,NVT,DClvs,,NVT,ug/l
lobith.ponton,"Lobith, ponton",meting,CONCTTE,OW,(massa)Concentratie dichloorvos in Oppervlaktewater in ug/l,NVT,NVT,DClvs,,NVT,ug/l
lobith.ponton,"Lobith, ponton",meting,CONCTTE,OW,(massa)Concentratie verdyl acetaat in Oppervlaktewater in ug/l,NVT,NVT,DDPA,,NVT,ug/l
lobith.ponton,"Lobith, ponton",meting,CONCTTE,OW,(massa)Concentratie diethyltoluamide in Oppervlaktewater in ug/l,NVT,NVT,DEET,,NVT,ug/l
lobith.ponton,"Lobith, ponton",meting,CONCTTE,OW,(massa)Concentratie bis(2-ethylhexyl)ftalaat (DEHP) in Oppervlaktewater in ug/l,NVT,NVT,DEHP,,NVT,ug/l
lobith.ponton,"Lobith, ponton",meting,CONCTTE,OW,(massa)Concentratie demeton-O in Oppervlaktewater in ug/l,NVT,NVT,demtnO,,NVT,ug/l
lobith.ponton,"Lobith, ponton",meting,CONCTTE,OW,(massa)Concentratie demeton-S in Oppervlaktewater in ug/l,NVT,NVT,demtnS,,NVT,ug/l
lobith.ponton,"Lobith, ponton",meting,CONCTTE,OW,Gemiddelde (massa)Concentratie desethylatrazine in Oppervlaktewater in ug/l,GEM,NVT,desC2yatzne,,NVT,ug/l
lobith.ponton,"Lobith, ponton",meting,CONCTTE,OW,(massa)Concentratie desethylatrazine in Oppervlaktewater in ug/l,NVT,NVT,desC2yatzne,,NVT,ug/l
lobith.ponton,"Lobith, ponton",meting,CONCTTE,OW,(massa)Concentratie desfenylchloridazon in Oppervlaktewater in ug/l,NVT,NVT,desFyClidzn,,NVT,ug/l
lobith.ponton,"Lobith, ponton",meting,CONCTTE,OW,(massa)Concentratie desvenlafaxine in Oppervlaktewater in ug/l,NVT,NVT,desvlfxne,,NVT,ug/l
lobith.ponton,"Lobith, ponton",meting,CONCTTE,OW,(massa)Concentratie diflufenican in Oppervlaktewater in ug/l,NVT,NVT,Dffncn,,NVT,ug/l
lobith.ponton,"Lobith, ponton",meting,CONCTTE,OW,(massa)Concentratie delta-hexachloorcyclohexaan in Oppervlaktewater in ug/l,NVT,NVT,dHCH,,NVT,ug/l
lobith.ponton,"Lobith, ponton",meting,CONCTTE,OW,Gemiddelde (massa)Concentratie diisopropylether in Oppervlaktewater in ug/l,GEM,NVT,DiC3yEtr,,NVT,ug/l
lobith.ponton,"Lobith, ponton",meting,CONCTTE,OW,(massa)Concentratie diisopropylether in Oppervlaktewater in ug/l,NVT,NVT,DiC3yEtr,,NVT,ug/l
lobith.ponton,"Lobith, ponton",meting,CONCTTE,OW,(massa)Concentratie diisobutylftalaat in Oppervlaktewater in ug/l,NVT,NVT,DiC4yFt,,NVT,ug/l
lobith.ponton,"Lobith, ponton",meting,CONCTTE,OW,(massa)Concentratie dieldrin in Oppervlaktewater in ug/l,NVT,NVT,dieldn,,NVT,ug/l
lobith.ponton,"Lobith, ponton",meting,CONCTTE,OW,Gemiddelde (massa)Concentratie dimethenamide in Oppervlaktewater in ug/l,GEM,NVT,DmtAd,,NVT,ug/l
lobith.ponton,"Lobith, ponton",meting,CONCTTE,OW,(massa)Concentratie dimethenamide in Oppervlaktewater in ug/l,NVT,NVT,DmtAd,,NVT,ug/l
lobith.ponton,"Lobith, ponton",meting,CONCTTE,OW,(massa)Concentratie dimethoaat in Oppervlaktewater in ug/l,NVT,NVT,Dmtat,,NVT,ug/l
lobith.ponton,"Lobith, ponton",meting,CONCTTE,OW,(massa)Concentratie dimetridazol in Oppervlaktewater in ug/l,NVT,NVT,DmTdzl,,NVT,ug/l
lobith.ponton,"Lobith, ponton",meting,CONCTTE,OW,(massa)Concentratie deltamethrin in Oppervlaktewater in ug/l,NVT,NVT,dmtn,,NVT,ug/l
lobith.ponton,"Lobith, ponton",meting,CONCTTE,OW,(massa)Concentratie dimethenamid-P in Oppervlaktewater in ug/l,NVT,NVT,DmtnmdP,,NVT,ug/l
lobith.ponton,"Lobith, ponton",meting,CONCTTE,OW,(massa)Concentratie dimoxystrobine in Oppervlaktewater in ug/l,NVT,NVT,Dmxsbne,,NVT,ug/l
lobith.ponton,"Lobith, ponton",meting,CONCTTE,OW,(massa)Concentratie dinobuton in Oppervlaktewater in ug/l,NVT,NVT,Dnbtn,,NVT,ug/l
lobith.ponton,"Lobith, ponton",meting,CONCTTE,OW,"(massa)Concentratie 4,6-dinitro-o-cresol in Oppervlaktewater in ug/l",NVT,NVT,DNOC,,NVT,ug/l
lobith.ponton,"Lobith, ponton",meting,CONCTTE,OW,(massa)Concentratie dinoseb-acetaat in Oppervlaktewater in ug/l,NVT,NVT,Dnsactt,,NVT,ug/l
lobith.ponton,"Lobith, ponton",meting,CONCTTE,OW,(massa)Concentratie dinoseb in Oppervlaktewater in ug/l,NVT,NVT,Dnsb,,NVT,ug/l
lobith.ponton,"Lobith, ponton",meting,CONCTTE,OW,(massa)Concentratie dinoterb in Oppervlaktewater in ug/l,NVT,NVT,Dntb,,NVT,ug/l
lobith.ponton,"Lobith, ponton",meting,CONCTTE,OW,(massa)Concentratie dodine in Oppervlaktewater in ug/l,NVT,NVT,dodne,,NVT,ug/l
lobith.ponton,"Lobith, ponton",meting,CONCTTE,OW,"(massa)Concentratie 4,8-dioxa-3H-perfluornonaanzuur in Oppervlaktewater in ug/l",NVT,NVT,DONA,,NVT,ug/l
lobith.ponton,"Lobith, ponton",meting,CONCTTE,OW,(massa)Concentratie cashmeran in Oppervlaktewater in ug/l,NVT,NVT,DPMI,,NVT,ug/l
lobith.ponton,"Lobith, ponton",meting,CONCTTE,OW,(massa)Concentratie dipyridamol in Oppervlaktewater in ug/l,NVT,NVT,Dpyrdml,,NVT,ug/l
lobith.ponton,"Lobith, ponton",meting,CONCTTE,OW,(massa)Concentratie disulfoton in Oppervlaktewater in ug/l,NVT,NVT,Dsftn,,NVT,ug/l
lobith.ponton,"Lobith, ponton",meting,CONCTTE,OW,(massa)Concentratie dithianon in Oppervlaktewater in ug/l,NVT,NVT,Dtann,,NVT,ug/l
lobith.ponton,"Lobith, ponton",meting,CONCTTE,OW,(massa)Concentratie di-ethyleentriaminepentaazijnzuur (DTPA) in Oppervlaktewater in ug/l,NVT,NVT,DTPA,,NVT,ug/l
lobith.ponton,"Lobith, ponton",meting,CONCTTE,OW,Gemiddelde (massa)Concentratie diuron in Oppervlaktewater in ug/l,GEM,NVT,Durn,,NVT,ug/l
lobith.ponton,"Lobith, ponton",meting,CONCTTE,OW,(massa)Concentratie diuron in Oppervlaktewater in ug/l,NVT,NVT,Durn,,NVT,ug/l
lobith.ponton,"Lobith, ponton",meting,CONCTTE,OW,(massa)Concentratie dysprosium in Oppervlaktewater in ug/l,NVT,NVT,Dy,,NVT,ug/l
lobith.ponton,"Lobith, ponton",meting,CONCTTE,OW,(massa)Concentratie ethyleendiaminetetraethaanzuur (EDTA) in Oppervlaktewater in ug/l,NVT,NVT,EDTA,,NVT,ug/l
lobith.ponton,"Lobith, ponton",meting,CONCTTE,OW,(massa)Concentratie endrin in Oppervlaktewater in ug/l,NVT,NVT,endn,,NVT,ug/l
lobith.ponton,"Lobith, ponton",meting,CONCTTE,OW,(massa)Concentratie epichloorhydrine in Oppervlaktewater in ug/l,NVT,NVT,epClhdne,,NVT,ug/l
lobith.ponton,"Lobith, ponton",meting,CONCTTE,OW,(massa)Concentratie erbium in Oppervlaktewater in ug/l,NVT,NVT,Er,,NVT,ug/l
lobith.ponton,"Lobith, ponton",meting,CONCTTE,OW,(massa)Concentratie erytromycine in Oppervlaktewater in ug/l,NVT,NVT,ertmcne,,NVT,ug/l
lobith.ponton,"Lobith, ponton",meting,CONCTTE,OW,(massa)Concentratie esfenvaleraat in Oppervlaktewater in ug/l,NVT,NVT,esfvlrt,,NVT,ug/l
lobith.ponton,"Lobith, ponton",meting,CONCTTE,OW,(massa)Concentratie sandacanol in Oppervlaktewater in ug/l,NVT,NVT,ETCB,,NVT,ug/l
lobith.ponton,"Lobith, ponton",meting,CONCTTE,OW,(massa)Concentratie etridiazol in Oppervlaktewater in ug/l,NVT,NVT,eTDazl,,NVT,ug/l
lobith.ponton,"Lobith, ponton",meting,CONCTTE,OW,(massa)Concentratie ethofumesaat in Oppervlaktewater in ug/l,NVT,NVT,etfmst,,NVT,ug/l
lobith.ponton,"Lobith, ponton",meting,CONCTTE,OW,(massa)Concentratie N-ethyl-perfluoroctaan sulfonamidoazijnzuur in Oppervlaktewater in ug/l,NVT,NVT,EtFOSAA,,NVT,ug/l
lobith.ponton,"Lobith, ponton",meting,CONCTTE,OW,(massa)Concentratie ethinylestradiol in Oppervlaktewater in ug/l,NVT,NVT,etnetDol,,NVT,ug/l
lobith.ponton,"Lobith, ponton",meting,CONCTTE,OW,(massa)Concentratie ethiofencarb in Oppervlaktewater in ug/l,NVT,NVT,etofcb,,NVT,ug/l
lobith.ponton,"Lobith, ponton",meting,CONCTTE,OW,(massa)Concentratie ethoprofos in Oppervlaktewater in ug/l,NVT,NVT,etpfs,,NVT,ug/l
lobith.ponton,"Lobith, ponton",meting,CONCTTE,OW,(massa)Concentratie europium in Oppervlaktewater in ug/l,NVT,NVT,Eu,,NVT,ug/l
lobith.ponton,"Lobith, ponton",meting,CONCTTE,OW,(massa)Concentratie famoxadone in Oppervlaktewater in ug/l,NVT,NVT,famxdne,,NVT,ug/l
lobith.ponton,"Lobith, ponton",meting,CONCTTE,OW,(massa)Concentratie fenantreen in Oppervlaktewater in ug/l,NVT,NVT,Fen,,NVT,ug/l
lobith.ponton,"Lobith, ponton",meting,CONCTTE,OW,(massa)Concentratie fenamifos in Oppervlaktewater in ug/l,NVT,NVT,fenamfs,,NVT,ug/l
lobith.ponton,"Lobith, ponton",meting,CONCTTE,OW,(massa)Concentratie fenofibrinezuur in Oppervlaktewater in ug/l,NVT,NVT,fenfbnzr,,NVT,ug/l
lobith.ponton,"Lobith, ponton",meting,CONCTTE,OW,(massa)Concentratie fenofibraat in Oppervlaktewater in ug/l,NVT,NVT,fenfbt,,NVT,ug/l
lobith.ponton,"Lobith, ponton",meting,CONCTTE,OW,(massa)Concentratie fenitrothion in Oppervlaktewater in ug/l,NVT,NVT,feNO2ton,,NVT,ug/l
lobith.ponton,"Lobith, ponton",meting,CONCTTE,OW,(massa)Concentratie fenoxycarb in Oppervlaktewater in ug/l,NVT,NVT,fenOxcb,,NVT,ug/l
lobith.ponton,"Lobith, ponton",meting,CONCTTE,OW,(massa)Concentratie fenthion in Oppervlaktewater in ug/l,NVT,NVT,fenton,,NVT,ug/l
lobith.ponton,"Lobith, ponton",meting,CONCTTE,OW,Gemiddelde (massa)Concentratie fenazon (antipyrine) in Oppervlaktewater in ug/l,GEM,NVT,fenzn,,NVT,ug/l
lobith.ponton,"Lobith, ponton",meting,CONCTTE,OW,(massa)Concentratie fenazon (antipyrine) in Oppervlaktewater in ug/l,NVT,NVT,fenzn,,NVT,ug/l
lobith.ponton,"Lobith, ponton",meting,CONCTTE,OW,(massa)Concentratie fipronil in Oppervlaktewater in ug/l,NVT,NVT,fipnl,,NVT,ug/l
lobith.ponton,"Lobith, ponton",meting,CONCTTE,OW,(massa)Concentratie fluoreen in Oppervlaktewater in ug/l,NVT,NVT,Fle,,NVT,ug/l
lobith.ponton,"Lobith, ponton",meting,CONCTTE,OW,(massa)Concentratie fluorantheen in Oppervlaktewater in ug/l,NVT,NVT,Flu,,NVT,ug/l
lobith.ponton,"Lobith, ponton",meting,CONCTTE,OW,(massa)Concentratie fluconazol in Oppervlaktewater in ug/l,NVT,NVT,flucnzl,,NVT,ug/l
lobith.ponton,"Lobith, ponton",meting,CONCTTE,OW,(massa)Concentratie fluoxetine in Oppervlaktewater in ug/l,NVT,NVT,fluoxtne,,NVT,ug/l
lobith.ponton,"Lobith, ponton",meting,CONCTTE,OW,(massa)Concentratie fluroxypyr in Oppervlaktewater in ug/l,NVT,NVT,flurOxpr,,NVT,ug/l
lobith.ponton,"Lobith, ponton",meting,CONCTTE,OW,(massa)Concentratie fenolindex in Oppervlaktewater in ug/l,NVT,NVT,FolINDX,,NVT,ug/l
lobith.ponton,"Lobith, ponton",meting,CONCTTE,OW,(massa)Concentratie perfluor-2-propoxypropaanzuur in Oppervlaktewater in ug/l,NVT,NVT,FRD-903,,NVT,ug/l
lobith.ponton,"Lobith, ponton",meting,CONCTTE,OW,(massa)Concentratie furosemide in Oppervlaktewater in ug/l,NVT,NVT,fursmde,,NVT,ug/l
lobith.ponton,"Lobith, ponton",meting,CONCTTE,OW,(massa)Concentratie gallium in Oppervlaktewater in ug/l,NVT,NVT,Ga,,NVT,ug/l
lobith.ponton,"Lobith, ponton",meting,CONCTTE,OW,(massa)Concentratie gabapentine in Oppervlaktewater in ug/l,NVT,NVT,gabptne,,NVT,ug/l
lobith.ponton,"Lobith, ponton",meting,CONCTTE,OW,(massa)Concentratie gadolinium in Oppervlaktewater in ug/l,NVT,NVT,Gd,,NVT,ug/l
lobith.ponton,"Lobith, ponton",meting,CONCTTE,OW,(massa)Concentratie gemfibrozil in Oppervlaktewater in ug/l,NVT,NVT,gemfbzl,,NVT,ug/l
lobith.ponton,"Lobith, ponton",meting,CONCTTE,OW,(massa)Concentratie glufosinaat in Oppervlaktewater in ug/l,NVT,NVT,glufsnt,,NVT,ug/l
lobith.ponton,"Lobith, ponton",meting,CONCTTE,OW,(massa)Concentratie glufosinaat-ammonium in Oppervlaktewater in ug/l,NVT,NVT,glufsntNH4,,NVT,ug/l
lobith.ponton,"Lobith, ponton",meting,CONCTTE,OW,(massa)Concentratie glyfosaat in Oppervlaktewater in ug/l,NVT,NVT,glyfst,,NVT,ug/l
lobith.ponton,"Lobith, ponton",meting,CONCTTE,OW,(massa)Concentratie guanylureum in Oppervlaktewater in ug/l,NVT,NVT,guanurum,,NVT,ug/l
lobith.ponton,"Lobith, ponton",meting,CONCTTE,OW,(massa)Concentratie hexachloorbenzeen in Oppervlaktewater in ug/l,NVT,NVT,HCB,,NVT,ug/l
lobith.ponton,"Lobith, ponton",meting,CONCTTE,OW,(massa)Concentratie hydrochloorthiazide in Oppervlaktewater in ug/l,NVT,NVT,HCltazde,,NVT,ug/l
lobith.ponton,"Lobith, ponton",meting,CONCTTE,OW,(massa)Concentratie heptenofos in Oppervlaktewater in ug/l,NVT,NVT,heptnfs,,NVT,ug/l
lobith.ponton,"Lobith, ponton",meting,CONCTTE,OW,(massa)Concentratie hafnium in Oppervlaktewater in ug/l,NVT,NVT,Hf,,NVT,ug/l
lobith.ponton,"Lobith, ponton",meting,CONCTTE,OW,(massa)Concentratie kwik in Oppervlaktewater in ug/l,NVT,NVT,Hg,,NVT,ug/l
lobith.ponton,"Lobith, ponton",meting,CONCTTE,OW,(massa)Concentratie hexahydrohexamethylcyclopentabenzopyran (HHCB) in Oppervlaktewater in ug/l,NVT,NVT,HHCB,,NVT,ug/l
lobith.ponton,"Lobith, ponton",meting,CONCTTE,OW,(massa)Concentratie holmium in Oppervlaktewater in ug/l,NVT,NVT,Ho,,NVT,ug/l
lobith.ponton,"Lobith, ponton",meting,CONCTTE,OW,(massa)Concentratie heptachloor in Oppervlaktewater in ug/l,NVT,NVT,HpCl,,NVT,ug/l
lobith.ponton,"Lobith, ponton",meting,CONCTTE,OW,(massa)Concentratie 8:2 fluortelomeersulfonzuur in Oppervlaktewater in ug/l,NVT,NVT,H-PFC10asfzr,,NVT,ug/l
lobith.ponton,"Lobith, ponton",meting,CONCTTE,OW,(massa)Concentratie 10:2 fluortelomeersulfonzuur in Oppervlaktewater in ug/l,NVT,NVT,H-PFC12asfzr,,NVT,ug/l
lobith.ponton,"Lobith, ponton",meting,CONCTTE,OW,(massa)Concentratie 4:2 fluortelomeersulfonzuur in Oppervlaktewater in ug/l,NVT,NVT,H-PFC6asfzr,,NVT,ug/l
lobith.ponton,"Lobith, ponton",meting,CONCTTE,OW,(massa)Concentratie hexamethyleentetramine (Urotropine) in Oppervlaktewater in ug/l,NVT,NVT,HxC1yeT4Ae,,NVT,ug/l
lobith.ponton,"Lobith, ponton",meting,CONCTTE,OW,Gemiddelde (massa)Concentratie hexachloorbutadieen in Oppervlaktewater in ug/l,GEM,NVT,HxClbtDen,,NVT,ug/l
lobith.ponton,"Lobith, ponton",meting,CONCTTE,OW,(massa)Concentratie hexachloorbutadieen in Oppervlaktewater in ug/l,NVT,NVT,HxClbtDen,,NVT,ug/l
lobith.ponton,"Lobith, ponton",meting,CONCTTE,OW,(massa)Concentratie hexachloorethaan in Oppervlaktewater in ug/l,NVT,NVT,HxClC2a,,NVT,ug/l
lobith.ponton,"Lobith, ponton",meting,CONCTTE,OW,(massa)Concentratie ibuprofen in Oppervlaktewater in ug/l,NVT,NVT,ibpfn,,NVT,ug/l
lobith.ponton,"Lobith, ponton",meting,CONCTTE,OW,(massa)Concentratie isodrin in Oppervlaktewater in ug/l,NVT,NVT,idn,,NVT,ug/l
lobith.ponton,"Lobith, ponton",meting,CONCTTE,OW,(massa)Concentratie ifosfamide in Oppervlaktewater in ug/l,NVT,NVT,iffAd,,NVT,ug/l
lobith.ponton,"Lobith, ponton",meting,CONCTTE,OW,Gemiddelde (massa)Concentratie isoforon in Oppervlaktewater in ug/l,GEM,NVT,ifrn,,NVT,ug/l
lobith.ponton,"Lobith, ponton",meting,CONCTTE,OW,(massa)Concentratie isoforon in Oppervlaktewater in ug/l,NVT,NVT,ifrn,,NVT,ug/l
lobith.ponton,"Lobith, ponton",meting,CONCTTE,OW,Gemiddelde (massa)Concentratie isoforon-nitril in Oppervlaktewater in ug/l,GEM,NVT,ifrntl,,NVT,ug/l
lobith.ponton,"Lobith, ponton",meting,CONCTTE,OW,Gemiddelde (massa)Concentratie imidacloprid in Oppervlaktewater in ug/l,GEM,NVT,imdcpd,,NVT,ug/l
lobith.ponton,"Lobith, ponton",meting,CONCTTE,OW,(massa)Concentratie imidacloprid in Oppervlaktewater in ug/l,NVT,NVT,imdcpd,,NVT,ug/l
lobith.ponton,"Lobith, ponton",meting,CONCTTE,OW,(massa)Concentratie imazalil in Oppervlaktewater in ug/l,NVT,NVT,imzll,,NVT,ug/l
lobith.ponton,"Lobith, ponton",meting,CONCTTE,OW,(massa)Concentratie indium in Oppervlaktewater in ug/l,NVT,NVT,In,,NVT,ug/l
lobith.ponton,"Lobith, ponton",meting,CONCTTE,OW,"(massa)Concentratie indeno(1,2,3-cd)pyreen in Oppervlaktewater in ug/l",NVT,NVT,InP,,NVT,ug/l
lobith.ponton,"Lobith, ponton",meting,CONCTTE,OW,(massa)Concentratie ipconazole in Oppervlaktewater in ug/l,NVT,NVT,ipcnzl,,NVT,ug/l
lobith.ponton,"Lobith, ponton",meting,CONCTTE,OW,Gemiddelde (massa)Concentratie isoproturon in Oppervlaktewater in ug/l,GEM,NVT,iptrn,,NVT,ug/l
lobith.ponton,"Lobith, ponton",meting,CONCTTE,OW,(massa)Concentratie isoproturon in Oppervlaktewater in ug/l,NVT,NVT,iptrn,,NVT,ug/l
lobith.ponton,"Lobith, ponton",meting,CONCTTE,OW,(massa)Concentratie irbesartan in Oppervlaktewater in ug/l,NVT,NVT,irbstan,,NVT,ug/l
lobith.ponton,"Lobith, ponton",meting,CONCTTE,OW,(massa)Concentratie irgarol in Oppervlaktewater in ug/l,NVT,NVT,irgrl,,NVT,ug/l
lobith.ponton,"Lobith, ponton",meting,CONCTTE,OW,(massa)Concentratie johexol in Oppervlaktewater in ug/l,NVT,NVT,johxl,,NVT,ug/l
lobith.ponton,"Lobith, ponton",meting,CONCTTE,OW,(massa)Concentratie jomeprol in Oppervlaktewater in ug/l,NVT,NVT,jompl,,NVT,ug/l
lobith.ponton,"Lobith, ponton",meting,CONCTTE,OW,(massa)Concentratie jopromide in Oppervlaktewater in ug/l,NVT,NVT,jopmde,,NVT,ug/l
lobith.ponton,"Lobith, ponton",meting,CONCTTE,OW,(massa)Concentratie jopamidol in Oppervlaktewater in ug/l,NVT,NVT,jopmdl,,NVT,ug/l
lobith.ponton,"Lobith, ponton",meting,CONCTTE,OW,(massa)Concentratie joxitalaminezuur in Oppervlaktewater in ug/l,NVT,NVT,joxtlmnzr,,NVT,ug/l
lobith.ponton,"Lobith, ponton",meting,CONCTTE,OW,(massa)Concentratie ketoprofen in Oppervlaktewater in ug/l,NVT,NVT,ketpfn,,NVT,ug/l
lobith.ponton,"Lobith, ponton",meting,CONCTTE,OW,(massa)Concentratie lanthaan in Oppervlaktewater in ug/l,NVT,NVT,La,,NVT,ug/l
lobith.ponton,"Lobith, ponton",meting,CONCTTE,OW,(massa)Concentratie lamotrigine in Oppervlaktewater in ug/l,NVT,NVT,lamtgne,,NVT,ug/l
lobith.ponton,"Lobith, ponton",meting,CONCTTE,OW,(massa)Concentratie lambda-cyhalothrin in Oppervlaktewater in ug/l,NVT,NVT,lcyhltn,,NVT,ug/l
lobith.ponton,"Lobith, ponton",meting,CONCTTE,OW,(massa)Concentratie levonorgestrel in Oppervlaktewater in ug/l,NVT,NVT,levngsl,,NVT,ug/l
lobith.ponton,"Lobith, ponton",meting,CONCTTE,OW,(massa)Concentratie lithium in Oppervlaktewater in ug/l,NVT,NVT,Li,,NVT,ug/l
lobith.ponton,"Lobith, ponton",meting,CONCTTE,OW,(massa)Concentratie lidocaïne in Oppervlaktewater in ug/l,NVT,NVT,lidcine,,NVT,ug/l
lobith.ponton,"Lobith, ponton",meting,CONCTTE,OW,(massa)Concentratie lincomycine in Oppervlaktewater in ug/l,NVT,NVT,lincmcne,,NVT,ug/l
lobith.ponton,"Lobith, ponton",meting,CONCTTE,OW,(massa)Concentratie linuron in Oppervlaktewater in ug/l,NVT,NVT,linrn,,NVT,ug/l
lobith.ponton,"Lobith, ponton",meting,CONCTTE,OW,(massa)Concentratie losartan in Oppervlaktewater in ug/l,NVT,NVT,lostan,,NVT,ug/l
lobith.ponton,"Lobith, ponton",meting,CONCTTE,OW,(massa)Concentratie perfluorbutaansulfonzuur in Oppervlaktewater in ug/l,NVT,NVT,L_PFBS,,NVT,ug/l
lobith.ponton,"Lobith, ponton",meting,CONCTTE,OW,(massa)Concentratie perfluordecaansulfonzuur in Oppervlaktewater in ug/l,NVT,NVT,L_PFDS,,NVT,ug/l
lobith.ponton,"Lobith, ponton",meting,CONCTTE,OW,(massa)Concentratie perfluorheptaansulfonzuur in Oppervlaktewater in ug/l,NVT,NVT,L_PFHpS,,NVT,ug/l
lobith.ponton,"Lobith, ponton",meting,CONCTTE,OW,(massa)Concentratie perfluorhexaansulfonzuur in Oppervlaktewater in ug/l,NVT,NVT,L_PFHxS,,NVT,ug/l
lobith.ponton,"Lobith, ponton",meting,CONCTTE,OW,(massa)Concentratie perfluor-1-octaansulfonaat (lineair) in Oppervlaktewater in ug/l,NVT,NVT,L_PFOS,,NVT,ug/l
lobith.ponton,"Lobith, ponton",meting,CONCTTE,OW,(massa)Concentratie lutetium in Oppervlaktewater in ug/l,NVT,NVT,Lu,,NVT,ug/l
lobith.ponton,"Lobith, ponton",meting,CONCTTE,OW,(massa)Concentratie malathion in Oppervlaktewater in ug/l,NVT,NVT,malton,,NVT,ug/l
lobith.ponton,"Lobith, ponton",meting,CONCTTE,OW,(massa)Concentratie 2-methyl-4-chloorfenoxyazijnzuur in Oppervlaktewater in ug/l,NVT,NVT,MCPA,,NVT,ug/l
lobith.ponton,"Lobith, ponton",meting,CONCTTE,OW,(massa)Concentratie 2-methyl-4-chloorfenoxyboterzuur in Oppervlaktewater in ug/l,NVT,NVT,MCPB,,NVT,ug/l
lobith.ponton,"Lobith, ponton",meting,CONCTTE,OW,(massa)Concentratie mecoprop in Oppervlaktewater in ug/l,NVT,NVT,MCPP,,NVT,ug/l
lobith.ponton,"Lobith, ponton",meting,CONCTTE,OW,(massa)Concentratie medinoterbacetaat in Oppervlaktewater in ug/l,NVT,NVT,medntactt,,NVT,ug/l
lobith.ponton,"Lobith, ponton",meting,CONCTTE,OW,(massa)Concentratie monoethylhexylftalaat (MEHP) in Oppervlaktewater in ug/l,NVT,NVT,MEHP,,NVT,ug/l
lobith.ponton,"Lobith, ponton",meting,CONCTTE,OW,(massa)Concentratie menthol in Oppervlaktewater in ug/l,NVT,NVT,mentl,,NVT,ug/l
lobith.ponton,"Lobith, ponton",meting,CONCTTE,OW,(massa)Concentratie metobromuron in Oppervlaktewater in ug/l,NVT,NVT,metbmrn,,NVT,ug/l
lobith.ponton,"Lobith, ponton",meting,CONCTTE,OW,(massa)Concentratie metabenzthiazuron in Oppervlaktewater in ug/l,NVT,NVT,metbtazrn,,NVT,ug/l
lobith.ponton,"Lobith, ponton",meting,CONCTTE,OW,(massa)Concentratie metconazool in Oppervlaktewater in ug/l,NVT,NVT,metcnzl,,NVT,ug/l
lobith.ponton,"Lobith, ponton",meting,CONCTTE,OW,(massa)Concentratie metformine in Oppervlaktewater in ug/l,NVT,NVT,metfmne,,NVT,ug/l
lobith.ponton,"Lobith, ponton",meting,CONCTTE,OW,Gemiddelde (massa)Concentratie metolachloor in Oppervlaktewater in ug/l,GEM,NVT,metlCl,,NVT,ug/l
lobith.ponton,"Lobith, ponton",meting,CONCTTE,OW,(massa)Concentratie metolachloor in Oppervlaktewater in ug/l,NVT,NVT,metlCl,,NVT,ug/l
lobith.ponton,"Lobith, ponton",meting,CONCTTE,OW,(massa)Concentratie methomyl in Oppervlaktewater in ug/l,NVT,NVT,metml,,NVT,ug/l
lobith.ponton,"Lobith, ponton",meting,CONCTTE,OW,(massa)Concentratie methiocarb in Oppervlaktewater in ug/l,NVT,NVT,metocb,,NVT,ug/l
lobith.ponton,"Lobith, ponton",meting,CONCTTE,OW,(massa)Concentratie methiocarbsulfon in Oppervlaktewater in ug/l,NVT,NVT,metocbsfn,,NVT,ug/l
lobith.ponton,"Lobith, ponton",meting,CONCTTE,OW,(massa)Concentratie methiocarbsulfoxide in Oppervlaktewater in ug/l,NVT,NVT,metocbSO,,NVT,ug/l
lobith.ponton,"Lobith, ponton",meting,CONCTTE,OW,(massa)Concentratie metoprolol in Oppervlaktewater in ug/l,NVT,NVT,metpll,,NVT,ug/l
lobith.ponton,"Lobith, ponton",meting,CONCTTE,OW,Gemiddelde (massa)Concentratie metoxuron in Oppervlaktewater in ug/l,GEM,NVT,metxrn,,NVT,ug/l
lobith.ponton,"Lobith, ponton",meting,CONCTTE,OW,(massa)Concentratie metoxuron in Oppervlaktewater in ug/l,NVT,NVT,metxrn,,NVT,ug/l
lobith.ponton,"Lobith, ponton",meting,CONCTTE,OW,(massa)Concentratie mevinfos in Oppervlaktewater in ug/l,NVT,NVT,mevfs,,NVT,ug/l
lobith.ponton,"Lobith, ponton",meting,CONCTTE,OW,(massa)Concentratie metaflumizon in Oppervlaktewater in ug/l,NVT,NVT,mfmzn,,NVT,ug/l
lobith.ponton,"Lobith, ponton",meting,CONCTTE,OW,(massa)Concentratie methyl-3-hydroxyfenylcarbamaat in Oppervlaktewater in ug/l,NVT,NVT,MHPC,,NVT,ug/l
lobith.ponton,"Lobith, ponton",meting,CONCTTE,OW,(massa)Concentratie miconazol in Oppervlaktewater in ug/l,NVT,NVT,micanzl,,NVT,ug/l
lobith.ponton,"Lobith, ponton",meting,CONCTTE,OW,(massa)Concentratie monolinuron in Oppervlaktewater in ug/l,NVT,NVT,Mlnrn,,NVT,ug/l
lobith.ponton,"Lobith, ponton",meting,CONCTTE,OW,Gemiddelde (massa)Concentratie metamitron in Oppervlaktewater in ug/l,GEM,NVT,mmtn,,NVT,ug/l
lobith.ponton,"Lobith, ponton",meting,CONCTTE,OW,(massa)Concentratie metamitron in Oppervlaktewater in ug/l,NVT,NVT,mmtn,,NVT,ug/l
lobith.ponton,"Lobith, ponton",meting,CONCTTE,OW,(massa)Concentratie mangaan in Oppervlaktewater in ug/l,NVT,NVT,Mn,,NVT,ug/l
lobith.ponton,"Lobith, ponton",meting,CONCTTE,OW,(massa)Concentratie molybdeen in Oppervlaktewater in ug/l,NVT,NVT,Mo,,NVT,ug/l
lobith.ponton,"Lobith, ponton",meting,CONCTTE,OW,(massa)Concentratie monuron in Oppervlaktewater in ug/l,NVT,NVT,monrn,,NVT,ug/l
lobith.ponton,"Lobith, ponton",meting,CONCTTE,OW,(massa)Concentratie methamidofos in Oppervlaktewater in ug/l,NVT,NVT,mtmdfs,,NVT,ug/l
lobith.ponton,"Lobith, ponton",meting,CONCTTE,OW,Gemiddelde (massa)Concentratie metazachloor in Oppervlaktewater in ug/l,GEM,NVT,mzCl,,NVT,ug/l
lobith.ponton,"Lobith, ponton",meting,CONCTTE,OW,(massa)Concentratie metazachloor in Oppervlaktewater in ug/l,NVT,NVT,mzCl,,NVT,ug/l
lobith.ponton,"Lobith, ponton",meting,CONCTTE,OW,Gemiddelde (massa)Concentratie naftaleen in Oppervlaktewater in ug/l,GEM,NVT,Naf,,NVT,ug/l
lobith.ponton,"Lobith, ponton",meting,CONCTTE,OW,(massa)Concentratie naftaleen in Oppervlaktewater in ug/l,NVT,NVT,Naf,,NVT,ug/l
lobith.ponton,"Lobith, ponton",meting,CONCTTE,OW,(massa)Concentratie naproxen in Oppervlaktewater in ug/l,NVT,NVT,napxn,,NVT,ug/l
lobith.ponton,"Lobith, ponton",meting,CONCTTE,OW,(massa)Concentratie niobium in Oppervlaktewater in ug/l,NVT,NVT,Nb,,NVT,ug/l
lobith.ponton,"Lobith, ponton",meting,CONCTTE,OW,(massa)Concentratie N-methylperfluorbutaansulfonamide in Oppervlaktewater in ug/l,NVT,NVT,NC1yPFC4asfA,,NVT,ug/l
lobith.ponton,"Lobith, ponton",meting,CONCTTE,OW,(massa)Concentratie neodymium in Oppervlaktewater in ug/l,NVT,NVT,Nd,,NVT,ug/l
lobith.ponton,"Lobith, ponton",meting,CONCTTE,OW,(massa)Concentratie nikkel in Oppervlaktewater in ug/l,NVT,NVT,Ni,,NVT,ug/l
lobith.ponton,"Lobith, ponton",meting,CONCTTE,OW,(massa)Concentratie nicosulfuron in Oppervlaktewater in ug/l,NVT,NVT,nicsfrn,,NVT,ug/l
lobith.ponton,"Lobith, ponton",meting,CONCTTE,OW,(massa)Concentratie N-methyl-perfluoroctaan sulfonamidoazijnzuur in Oppervlaktewater in ug/l,NVT,NVT,N-MeFOSAA,,NVT,ug/l
lobith.ponton,"Lobith, ponton",meting,CONCTTE,OW,Gemiddelde (massa)Concentratie nitrobenzeen in Oppervlaktewater in ug/l,GEM,NVT,NO2Ben,,NVT,ug/l
lobith.ponton,"Lobith, ponton",meting,CONCTTE,OW,(massa)Concentratie norethisteron in Oppervlaktewater in ug/l,NVT,NVT,noretsrn,,NVT,ug/l
lobith.ponton,"Lobith, ponton",meting,CONCTTE,OW,(massa)Concentratie nitrilotriazijnzuur (NTA) in Oppervlaktewater in ug/l,NVT,NVT,NTA,,NVT,ug/l
lobith.ponton,"Lobith, ponton",meting,CONCTTE,OW,(massa)Concentratie o-allylfenol in Oppervlaktewater in ug/l,NVT,NVT,oallFol,,NVT,ug/l
lobith.ponton,"Lobith, ponton",meting,CONCTTE,OW,(massa)Concentratie oxamyl in Oppervlaktewater in ug/l,NVT,NVT,Oaml,,NVT,ug/l
lobith.ponton,"Lobith, ponton",meting,CONCTTE,OW,(massa)Concentratie octamethyltetrasiloxaan in Oppervlaktewater in ug/l,NVT,NVT,OcC1yT4slxn,,NVT,ug/l
lobith.ponton,"Lobith, ponton",meting,CONCTTE,OW,(massa)Concentratie octocrilene in Oppervlaktewater in ug/l,NVT,NVT,octclne,,NVT,ug/l
lobith.ponton,"Lobith, ponton",meting,CONCTTE,OW,(massa)Concentratie oestron in Oppervlaktewater in ug/l,NVT,NVT,oestn,,NVT,ug/l
lobith.ponton,"Lobith, ponton",meting,CONCTTE,OW,(massa)Concentratie ofloxacine in Oppervlaktewater in ug/l,NVT,NVT,ofxcne,,NVT,ug/l
lobith.ponton,"Lobith, ponton",meting,CONCTTE,OW,(massa)Concentratie omethoaat in Oppervlaktewater in ug/l,NVT,NVT,omtat,,NVT,ug/l
lobith.ponton,"Lobith, ponton",meting,CONCTTE,OW,(massa)Concentratie amberonne in Oppervlaktewater in ug/l,NVT,NVT,OTNE,,NVT,ug/l
lobith.ponton,"Lobith, ponton",meting,CONCTTE,OW,(massa)Concentratie oxybenzone in Oppervlaktewater in ug/l,NVT,NVT,OxBenzn,,NVT,ug/l
lobith.ponton,"Lobith, ponton",meting,CONCTTE,OW,(massa)Concentratie oxazepam in Oppervlaktewater in ug/l,NVT,NVT,oxzpm,,NVT,ug/l
lobith.ponton,"Lobith, ponton",meting,CONCTTE,OW,(massa)Concentratie paracetamol in Oppervlaktewater in ug/l,NVT,NVT,parctml,,NVT,ug/l
lobith.ponton,"Lobith, ponton",meting,CONCTTE,OW,(massa)Concentratie paroxetine in Oppervlaktewater in ug/l,NVT,NVT,paroetne,,NVT,ug/l
lobith.ponton,"Lobith, ponton",meting,CONCTTE,OW,(massa)Concentratie lood in Oppervlaktewater in ug/l,NVT,NVT,Pb,,NVT,ug/l
lobith.ponton,"Lobith, ponton",meting,CONCTTE,OW,"(massa)Concentratie 2,2',4,4',6-pentabroomdifenylether in Oppervlaktewater in ug/l",NVT,NVT,PBDE100,,NVT,ug/l
lobith.ponton,"Lobith, ponton",meting,CONCTTE,OW,"(massa)Concentratie 2,2',3,4,4',5'-hexabroomdifenylether in Oppervlaktewater in ug/l",NVT,NVT,PBDE138,,NVT,ug/l
lobith.ponton,"Lobith, ponton",meting,CONCTTE,OW,"(massa)Concentratie 2,2',4,4',5,5'-hexabroomdifenylether in Oppervlaktewater in ug/l",NVT,NVT,PBDE153,,NVT,ug/l
lobith.ponton,"Lobith, ponton",meting,CONCTTE,OW,"(massa)Concentratie 2,2',4,4',5,6'-hexabroomdifenylether in Oppervlaktewater in ug/l",NVT,NVT,PBDE154,,NVT,ug/l
lobith.ponton,"Lobith, ponton",meting,CONCTTE,OW,"(massa)Concentratie 2,2',3,3',4,4',5,5',6,6'-decabroomdiphenylether in Oppervlaktewater in ug/l",NVT,NVT,PBDE209,,NVT,ug/l
lobith.ponton,"Lobith, ponton",meting,CONCTTE,OW,"(massa)Concentratie 2,4,4'-tribroomdifenylether in Oppervlaktewater in ug/l",NVT,NVT,PBDE28,,NVT,ug/l
lobith.ponton,"Lobith, ponton",meting,CONCTTE,OW,"(massa)Concentratie 2,2',4,4'-tetrabroomdifenylether in Oppervlaktewater in ug/l",NVT,NVT,PBDE47,,NVT,ug/l
lobith.ponton,"Lobith, ponton",meting,CONCTTE,OW,"(massa)Concentratie 2,2',4,5'-tetrabroomdifenylether in Oppervlaktewater in ug/l",NVT,NVT,PBDE49,,NVT,ug/l
lobith.ponton,"Lobith, ponton",meting,CONCTTE,OW,"(massa)Concentratie 2,2',3,4,4'-pentabroomdifenylether in Oppervlaktewater in ug/l",NVT,NVT,PBDE85,,NVT,ug/l
lobith.ponton,"Lobith, ponton",meting,CONCTTE,OW,"(massa)Concentratie 2,2',4,4',5-pentabroomdifenylether in Oppervlaktewater in ug/l",NVT,NVT,PBDE99,,NVT,ug/l
lobith.ponton,"Lobith, ponton",meting,CONCTTE,OW,"(massa)Concentratie 2,2',4,5,5'-pentachloorbifenyl in Oppervlaktewater in ug/l",NVT,NVT,PCB101,,NVT,ug/l
lobith.ponton,"Lobith, ponton",meting,CONCTTE,OW,"(massa)Concentratie 2,3',4,4',5-pentachloorbifenyl in Oppervlaktewater in ug/l",NVT,NVT,PCB118,,NVT,ug/l
lobith.ponton,"Lobith, ponton",meting,CONCTTE,OW,"(massa)Concentratie 2,2',3,4,4',5'-hexachloorbifenyl in Oppervlaktewater in ug/l",NVT,NVT,PCB138,,NVT,ug/l
lobith.ponton,"Lobith, ponton",meting,CONCTTE,OW,"(massa)Concentratie 2,2',4,4',5,5'-hexachloorbifenyl in Oppervlaktewater in ug/l",NVT,NVT,PCB153,,NVT,ug/l
lobith.ponton,"Lobith, ponton",meting,CONCTTE,OW,"(massa)Concentratie 2,2',3,4,4',5,5'-heptachloorbifenyl in Oppervlaktewater in ug/l",NVT,NVT,PCB180,,NVT,ug/l
lobith.ponton,"Lobith, ponton",meting,CONCTTE,OW,"(massa)Concentratie 2,4,4'-trichloorbifenyl in Oppervlaktewater in ug/l",NVT,NVT,PCB28,,NVT,ug/l
lobith.ponton,"Lobith, ponton",meting,CONCTTE,OW,"(massa)Concentratie 2,2',5,5'-tetrachloorbifenyl in Oppervlaktewater in ug/l",NVT,NVT,PCB52,,NVT,ug/l
lobith.ponton,"Lobith, ponton",meting,CONCTTE,OW,(massa)Concentratie pentachloorbenzeen in Oppervlaktewater in ug/l,NVT,NVT,PeClBen,,NVT,ug/l
lobith.ponton,"Lobith, ponton",meting,CONCTTE,OW,(massa)Concentratie pentachloorfenol in Oppervlaktewater in ug/l,NVT,NVT,PeClFol,,NVT,ug/l
lobith.ponton,"Lobith, ponton",meting,CONCTTE,OW,(massa)Concentratie penconazool in Oppervlaktewater in ug/l,NVT,NVT,pencnzl,,NVT,ug/l
lobith.ponton,"Lobith, ponton",meting,CONCTTE,OW,(massa)Concentratie Perfluordecaansulfonamide in Oppervlaktewater in ug/l,NVT,NVT,PF1DSA,,NVT,ug/l
lobith.ponton,"Lobith, ponton",meting,CONCTTE,OW,(massa)Concentratie perfluorbutaanzuur in Oppervlaktewater in ug/l,NVT,NVT,PFBA,,NVT,ug/l
lobith.ponton,"Lobith, ponton",meting,CONCTTE,OW,(massa)Concentratie perfluorbutaansulfonamide in Oppervlaktewater in ug/l,NVT,NVT,PFC4asfAd,,NVT,ug/l
lobith.ponton,"Lobith, ponton",meting,CONCTTE,OW,(massa)Concentratie perfluorpentaansulfonzuur in Oppervlaktewater in ug/l,NVT,NVT,PFC5asfzr,,NVT,ug/l
lobith.ponton,"Lobith, ponton",meting,CONCTTE,OW,(massa)Concentratie perfluornonaansulfonzuur in Oppervlaktewater in ug/l,NVT,NVT,PFC9asfzr,,NVT,ug/l
lobith.ponton,"Lobith, ponton",meting,CONCTTE,OW,(massa)Concentratie perfluordecaanzuur in Oppervlaktewater in ug/l,NVT,NVT,PFDA,,NVT,ug/l
lobith.ponton,"Lobith, ponton",meting,CONCTTE,OW,"(massa)Concentratie Perfluor-2,5-dimethyl-3,6-dioxanonaanzuur in Oppervlaktewater in ug/l",NVT,NVT,PFdC1yDOxazr,,NVT,ug/l
lobith.ponton,"Lobith, ponton",meting,CONCTTE,OW,"(massa)Concentratie perfluor-3,6-dioxaheptaanzuur in Oppervlaktewater in ug/l",NVT,NVT,PFDHpA,,NVT,ug/l
lobith.ponton,"Lobith, ponton",meting,CONCTTE,OW,(massa)Concentratie perfluordodecaanzuur in Oppervlaktewater in ug/l,NVT,NVT,PFDoA,,NVT,ug/l
lobith.ponton,"Lobith, ponton",meting,CONCTTE,OW,(massa)Concentratie perfluor(2-ethoxyethaan)sulfonzuur in Oppervlaktewater in ug/l,NVT,NVT,PFEES,,NVT,ug/l
lobith.ponton,"Lobith, ponton",meting,CONCTTE,OW,(massa)Concentratie perfluorheptaanzuur in Oppervlaktewater in ug/l,NVT,NVT,PFHpA,,NVT,ug/l
lobith.ponton,"Lobith, ponton",meting,CONCTTE,OW,(massa)Concentratie perfluorhexaanzuur in Oppervlaktewater in ug/l,NVT,NVT,PFHxA,,NVT,ug/l
lobith.ponton,"Lobith, ponton",meting,CONCTTE,OW,(massa)Concentratie perfluorhexaansulfonamide in Oppervlaktewater in ug/l,NVT,NVT,PFHxSA,,NVT,ug/l
lobith.ponton,"Lobith, ponton",meting,CONCTTE,OW,(massa)Concentratie perfluor-4-methoxybutaanzuur in Oppervlaktewater in ug/l,NVT,NVT,PFMBA,,NVT,ug/l
lobith.ponton,"Lobith, ponton",meting,CONCTTE,OW,(massa)Concentratie perfluor-3-methoxypropaanzuur in Oppervlaktewater in ug/l,NVT,NVT,PFMPrA,,NVT,ug/l
lobith.ponton,"Lobith, ponton",meting,CONCTTE,OW,(massa)Concentratie perfluornonaanzuur in Oppervlaktewater in ug/l,NVT,NVT,PFNA,,NVT,ug/l
lobith.ponton,"Lobith, ponton",meting,CONCTTE,OW,(massa)Concentratie perfluoroctaanzuur in Oppervlaktewater in ug/l,NVT,NVT,PFOA,,NVT,ug/l
lobith.ponton,"Lobith, ponton",meting,CONCTTE,OW,(massa)Concentratie perfluoroctaansulfonzuur in Oppervlaktewater in ug/l,NVT,NVT,PFOS,,NVT,ug/l
lobith.ponton,"Lobith, ponton",meting,CONCTTE,OW,(massa)Concentratie perfluoroctaansulfonamide in Oppervlaktewater in ug/l,NVT,NVT,PFOSA,,NVT,ug/l
lobith.ponton,"Lobith, ponton",meting,CONCTTE,OW,(massa)Concentratie perfluorpentaanzuur in Oppervlaktewater in ug/l,NVT,NVT,PFPA,,NVT,ug/l
lobith.ponton,"Lobith, ponton",meting,CONCTTE,OW,(massa)Concentratie perfluortridecaanzuur in Oppervlaktewater in ug/l,NVT,NVT,PFTDA,,NVT,ug/l
lobith.ponton,"Lobith, ponton",meting,CONCTTE,OW,(massa)Concentratie perfluortetradecaanzuur in Oppervlaktewater in ug/l,NVT,NVT,PFTeDA,,NVT,ug/l
lobith.ponton,"Lobith, ponton",meting,CONCTTE,OW,(massa)Concentratie perfluorundecaanzuur in Oppervlaktewater in ug/l,NVT,NVT,PFUdA,,NVT,ug/l
lobith.ponton,"Lobith, ponton",meting,CONCTTE,OW,(massa)Concentratie pipamperon in Oppervlaktewater in ug/l,NVT,NVT,pipprn,,NVT,ug/l
lobith.ponton,"Lobith, ponton",meting,CONCTTE,OW,(massa)Concentratie pirimicarb in Oppervlaktewater in ug/l,NVT,NVT,pirmcb,,NVT,ug/l
lobith.ponton,"Lobith, ponton",meting,CONCTTE,OW,(massa)Concentratie pentoxifylline in Oppervlaktewater in ug/l,NVT,NVT,poxflne,,NVT,ug/l
lobith.ponton,"Lobith, ponton",meting,CONCTTE,OW,(massa)Concentratie praseodymium in Oppervlaktewater in ug/l,NVT,NVT,Pr,,NVT,ug/l
lobith.ponton,"Lobith, ponton",meting,CONCTTE,OW,(massa)Concentratie primidon in Oppervlaktewater in ug/l,NVT,NVT,primdn,,NVT,ug/l
lobith.ponton,"Lobith, ponton",meting,CONCTTE,OW,(massa)Concentratie prochloraz in Oppervlaktewater in ug/l,NVT,NVT,proClaz,,NVT,ug/l
lobith.ponton,"Lobith, ponton",meting,CONCTTE,OW,Gemiddelde (massa)Concentratie prometryne in Oppervlaktewater in ug/l,GEM,NVT,promtne,,NVT,ug/l
lobith.ponton,"Lobith, ponton",meting,CONCTTE,OW,(massa)Concentratie prometryne in Oppervlaktewater in ug/l,NVT,NVT,promtne,,NVT,ug/l
lobith.ponton,"Lobith, ponton",meting,CONCTTE,OW,(massa)Concentratie propyzamide in Oppervlaktewater in ug/l,NVT,NVT,propAd,,NVT,ug/l
lobith.ponton,"Lobith, ponton",meting,CONCTTE,OW,(massa)Concentratie propiconazol (som cis- en trans-) in Oppervlaktewater in ug/l,NVT,NVT,propcnzl,,NVT,ug/l
lobith.ponton,"Lobith, ponton",meting,CONCTTE,OW,(massa)Concentratie propamocarb in Oppervlaktewater in ug/l,NVT,NVT,propmcb,,NVT,ug/l
lobith.ponton,"Lobith, ponton",meting,CONCTTE,OW,(massa)Concentratie propanil in Oppervlaktewater in ug/l,NVT,NVT,propnl,,NVT,ug/l
lobith.ponton,"Lobith, ponton",meting,CONCTTE,OW,(massa)Concentratie propranolol in Oppervlaktewater in ug/l,NVT,NVT,propnll,,NVT,ug/l
lobith.ponton,"Lobith, ponton",meting,CONCTTE,OW,(massa)Concentratie propoxur in Oppervlaktewater in ug/l,NVT,NVT,propxr,,NVT,ug/l
lobith.ponton,"Lobith, ponton",meting,CONCTTE,OW,(massa)Concentratie propazine in Oppervlaktewater in ug/l,NVT,NVT,propzne,,NVT,ug/l
lobith.ponton,"Lobith, ponton",meting,CONCTTE,OW,(massa)Concentratie prosulfocarb in Oppervlaktewater in ug/l,NVT,NVT,prosfcb,,NVT,ug/l
lobith.ponton,"Lobith, ponton",meting,CONCTTE,OW,(massa)Concentratie platina in Oppervlaktewater in ug/l,NVT,NVT,Pt,,NVT,ug/l
lobith.ponton,"Lobith, ponton",meting,CONCTTE,OW,(massa)Concentratie pyreen in Oppervlaktewater in ug/l,NVT,NVT,Pyr,,NVT,ug/l
lobith.ponton,"Lobith, ponton",meting,CONCTTE,OW,(massa)Concentratie pyrazofos in Oppervlaktewater in ug/l,NVT,NVT,pyrazfs,,NVT,ug/l
lobith.ponton,"Lobith, ponton",meting,CONCTTE,OW,(massa)Concentratie pyridaben in Oppervlaktewater in ug/l,NVT,NVT,pyrdbn,,NVT,ug/l
lobith.ponton,"Lobith, ponton",meting,CONCTTE,OW,(massa)Concentratie pyriproxyfen in Oppervlaktewater in ug/l,NVT,NVT,pyrpxfn,,NVT,ug/l
lobith.ponton,"Lobith, ponton",meting,CONCTTE,OW,Gemiddelde (massa)Concentratie pyrazol in Oppervlaktewater in ug/l,GEM,NVT,pyrzl,,NVT,ug/l
lobith.ponton,"Lobith, ponton",meting,CONCTTE,OW,(massa)Concentratie pyrazol in Oppervlaktewater in ug/l,NVT,NVT,pyrzl,,NVT,ug/l
lobith.ponton,"Lobith, ponton",meting,CONCTTE,OW,(massa)Concentratie quinoxyfen in Oppervlaktewater in ug/l,NVT,NVT,quinoxfn,,NVT,ug/l
lobith.ponton,"Lobith, ponton",meting,CONCTTE,OW,(massa)Concentratie rubidium in Oppervlaktewater in ug/l,NVT,NVT,Rb,,NVT,ug/l
lobith.ponton,"Lobith, ponton",meting,CONCTTE,OW,"(massa)Concentratie som 1,2- en 1,4-dichloorbenzeen in Oppervlaktewater in ug/l",NVT,NVT,s1214DClBen,,NVT,ug/l
lobith.ponton,"Lobith, ponton",meting,CONCTTE,OW,"Gemiddelde (massa)Concentratie som 1,3- en 1,4-xyleen in Oppervlaktewater in ug/l",GEM,NVT,s1314xyln,,NVT,ug/l
lobith.ponton,"Lobith, ponton",meting,CONCTTE,OW,"(massa)Concentratie som 1,3- en 1,4-xyleen in Oppervlaktewater in ug/l",NVT,NVT,s1314xyln,,NVT,ug/l
lobith.ponton,"Lobith, ponton",meting,CONCTTE,OW,"(massa)Concentratie som 2,3,4,6- en 2,3,5,6-tetrachloorfenol in Oppervlaktewater in ug/l",NVT,NVT,s23x6T4ClFol,,NVT,ug/l
lobith.ponton,"Lobith, ponton",meting,CONCTTE,OW,"(massa)Concentratie som 2,4- en 2,5-dichloorfenol in Oppervlaktewater in ug/l",NVT,NVT,s2425DClFol,,NVT,ug/l
lobith.ponton,"Lobith, ponton",meting,CONCTTE,OW,(massa)Concentratie som 3- en 4-ethyltolueen in Oppervlaktewater in ug/l,NVT,NVT,s34C2yTol,,NVT,ug/l
lobith.ponton,"Lobith, ponton",meting,CONCTTE,OW,(massa)Concentratie som 4-nonylfenol-isomeren (vertakt) in Oppervlaktewater in ug/l,NVT,NVT,s4C9yFol,,NVT,ug/l
lobith.ponton,"Lobith, ponton",meting,CONCTTE,OW,(massa)Concentratie saccharine in Oppervlaktewater in ug/l,NVT,NVT,saccrne,,NVT,ug/l
lobith.ponton,"Lobith, ponton",meting,CONCTTE,OW,(massa)Concentratie som aromatische amines in Oppervlaktewater in ug/l,NVT,NVT,sARAM,,NVT,ug/l
lobith.ponton,"Lobith, ponton",meting,CONCTTE,OW,(massa)Concentratie antimoon in Oppervlaktewater in ug/l,NVT,NVT,Sb,,NVT,ug/l
lobith.ponton,"Lobith, ponton",meting,CONCTTE,OW,(massa)Concentratie som benzo(b)fluorantheen en benzo(j)fluorantheen in Oppervlaktewater in ug/l,NVT,NVT,sBbjF,,NVT,ug/l
lobith.ponton,"Lobith, ponton",meting,CONCTTE,OW,(massa)Concentratie scandium in Oppervlaktewater in ug/l,NVT,NVT,Sc,,NVT,ug/l
lobith.ponton,"Lobith, ponton",meting,CONCTTE,OW,(massa)Concentratie som C10-C13-chlooralkanen in Oppervlaktewater in ug/l,NVT,NVT,sC10C13Clakn,,NVT,ug/l
lobith.ponton,"Lobith, ponton",meting,CONCTTE,OW,(massa)Concentratie som cholinesteraseremmers in Oppervlaktewater in ug/l,NVT,NVT,sChER,,NVT,ug/l
lobith.ponton,"Lobith, ponton",meting,CONCTTE,OW,"(massa)Concentratie som 2,3-, 2,4-, 2,5- en 3,4-dichloornitrobenzeen in Oppervlaktewater in ug/l",NVT,NVT,sDClNO2Ben4,,NVT,ug/l
lobith.ponton,"Lobith, ponton",meting,CONCTTE,OW,"(massa)Concentratie som 2,4'-DDT, 4,4'-DDT, 4,4'-DDD en 4,4'-DDE in Oppervlaktewater in ug/l",NVT,NVT,sDDX4,,NVT,ug/l
lobith.ponton,"Lobith, ponton",meting,CONCTTE,OW,(massa)Concentratie Som di-isopropylether en trichloormethaan in Oppervlaktewater in ug/l,NVT,NVT,sDiPyErTCM,,NVT,ug/l
lobith.ponton,"Lobith, ponton",meting,CONCTTE,OW,(massa)Concentratie seleen in Oppervlaktewater in ug/l,NVT,NVT,Se,,NVT,ug/l
lobith.ponton,"Lobith, ponton",meting,CONCTTE,OW,(massa)Concentratie som extraheerbare organische zwavelverbindingen in Oppervlaktewater in ug/l,NVT,NVT,sEOS,,NVT,ug/l
lobith.ponton,"Lobith, ponton",meting,CONCTTE,OW,(massa)Concentratie Som hexadecafluor-2-deceenzuur-isomeren  in Oppervlaktewater in ug/l,NVT,NVT,sF16C10ezr,,NVT,ug/l
lobith.ponton,"Lobith, ponton",meting,CONCTTE,OW,(massa)Concentratie som Feopigment in Oppervlaktewater in ug/l,NVT,NVT,sFEO,,NVT,ug/l
lobith.ponton,"Lobith, ponton",meting,CONCTTE,OW,(massa)Concentratie som fenolen waterdampvluchtig in Oppervlaktewater in ug/l,NVT,NVT,sFolwv,,NVT,ug/l
lobith.ponton,"Lobith, ponton",meting,CONCTTE,OW,(massa)Concentratie simazine in Oppervlaktewater in ug/l,NVT,NVT,simzne,,NVT,ug/l
lobith.ponton,"Lobith, ponton",meting,CONCTTE,OW,(massa)Concentratie samarium in Oppervlaktewater in ug/l,NVT,NVT,Sm,,NVT,ug/l
lobith.ponton,"Lobith, ponton",meting,CONCTTE,OW,(massa)Concentratie som monocyclische aromatische koolwaterstoffen (BTEX) in Oppervlaktewater in ug/l,NVT,NVT,sMAK,,NVT,ug/l
lobith.ponton,"Lobith, ponton",meting,CONCTTE,OW,(massa)Concentratie som MCPB en 24DB in Oppervlaktewater in ug/l,NVT,NVT,sMCPB24DB,,NVT,ug/l
lobith.ponton,"Lobith, ponton",meting,CONCTTE,OW,(massa)Concentratie tin in Oppervlaktewater in ug/l,NVT,NVT,Sn,,NVT,ug/l
lobith.ponton,"Lobith, ponton",meting,CONCTTE,OW,(massa)Concentratie sotalol in Oppervlaktewater in ug/l,NVT,NVT,sotll,,NVT,ug/l
lobith.ponton,"Lobith, ponton",meting,CONCTTE,OW,(massa)Concentratie som 6 polycyclische aromatische koolwaterstoffen (Borneff) in Oppervlaktewater in ug/l,NVT,NVT,sPAK6,,NVT,ug/l
lobith.ponton,"Lobith, ponton",meting,CONCTTE,OW,(massa)Concentratie som PCB28 en PCB31 in Oppervlaktewater in ug/l,NVT,NVT,sPCB2831,,NVT,ug/l
lobith.ponton,"Lobith, ponton",meting,CONCTTE,OW,(massa)Concentratie squaleen in Oppervlaktewater in ug/l,NVT,NVT,squaln,,NVT,ug/l
lobith.ponton,"Lobith, ponton",meting,CONCTTE,OW,(massa)Concentratie strontium in Oppervlaktewater in ug/l,NVT,NVT,Sr,,NVT,ug/l
lobith.ponton,"Lobith, ponton",meting,CONCTTE,OW,(massa)Concentratie som tetrachloorbenzeen-isomeren in Oppervlaktewater in ug/l,NVT,NVT,sT4ClBen,,NVT,ug/l
lobith.ponton,"Lobith, ponton",meting,CONCTTE,OW,Gemiddelde (massa)Concentratie styreen in Oppervlaktewater in ug/l,GEM,NVT,styrn,,NVT,ug/l
lobith.ponton,"Lobith, ponton",meting,CONCTTE,OW,(massa)Concentratie styreen in Oppervlaktewater in ug/l,NVT,NVT,styrn,,NVT,ug/l
lobith.ponton,"Lobith, ponton",meting,CONCTTE,OW,(massa)Concentratie sucralose in Oppervlaktewater in ug/l,NVT,NVT,suclse,,NVT,ug/l
lobith.ponton,"Lobith, ponton",meting,CONCTTE,OW,(massa)Concentratie sulfadiazine in Oppervlaktewater in ug/l,NVT,NVT,sulfdazne,,NVT,ug/l
lobith.ponton,"Lobith, ponton",meting,CONCTTE,OW,(massa)Concentratie sulfadimidine in Oppervlaktewater in ug/l,NVT,NVT,sulfdmdne,,NVT,ug/l
lobith.ponton,"Lobith, ponton",meting,CONCTTE,OW,(massa)Concentratie sulfamethoxazol in Oppervlaktewater in ug/l,NVT,NVT,sulfmtoazl,,NVT,ug/l
lobith.ponton,"Lobith, ponton",meting,CONCTTE,OW,(massa)Concentratie sulfapyridine in Oppervlaktewater in ug/l,NVT,NVT,sulfprdne,,NVT,ug/l
lobith.ponton,"Lobith, ponton",meting,CONCTTE,OW,(massa)Concentratie sulfaquinoxaline in Oppervlaktewater in ug/l,NVT,NVT,sulfqoxlne,,NVT,ug/l
lobith.ponton,"Lobith, ponton",meting,CONCTTE,OW,(massa)Concentratie som vertakte perfluorhexaansulfonzuur-isomeren in Oppervlaktewater in ug/l,NVT,NVT,sverttPFHxS,,NVT,ug/l
lobith.ponton,"Lobith, ponton",meting,CONCTTE,OW,(massa)Concentratie som vertakte perfluoroctaansulfonzuur-isomeren in Oppervlaktewater in ug/l,NVT,NVT,sverttPFOS,,NVT,ug/l
lobith.ponton,"Lobith, ponton",meting,CONCTTE,OW,(massa)Concentratie som xyleen-isomeren in Oppervlaktewater in ug/l,NVT,NVT,sxyln,,NVT,ug/l
lobith.ponton,"Lobith, ponton",meting,CONCTTE,OW,"(massa)Concentratie trans-10,11-dihydroxy-10,11-dihydrocarbamazepine in Oppervlaktewater in ug/l",NVT,NVT,t1011DHOx101,,NVT,ug/l
lobith.ponton,"Lobith, ponton",meting,CONCTTE,OW,"Gemiddelde (massa)Concentratie trans-1,2-dichlooretheen in Oppervlaktewater in ug/l",GEM,NVT,t12DClC2e,,NVT,ug/l
lobith.ponton,"Lobith, ponton",meting,CONCTTE,OW,"(massa)Concentratie trans-1,2-dichlooretheen in Oppervlaktewater in ug/l",NVT,NVT,t12DClC2e,,NVT,ug/l
lobith.ponton,"Lobith, ponton",meting,CONCTTE,OW,"(massa)Concentratie trans-1,3-dichloorpropeen in Oppervlaktewater in ug/l",NVT,NVT,t13DClC3e,,NVT,ug/l
lobith.ponton,"Lobith, ponton",meting,CONCTTE,OW,Gemiddelde (massa)Concentratie tri(2-chloorethyl)fosfaat in Oppervlaktewater in ug/l,GEM,NVT,T2ClC2yPO4,,NVT,ug/l
lobith.ponton,"Lobith, ponton",meting,CONCTTE,OW,(massa)Concentratie tetrabroombisfenol A in Oppervlaktewater in ug/l,NVT,NVT,T4BrbFolA,,NVT,ug/l
lobith.ponton,"Lobith, ponton",meting,CONCTTE,OW,(massa)Concentratie Tetrachloororthoftaalzuur in Oppervlaktewater in ug/l,NVT,NVT,T4C13FTZR,,NVT,ug/l
lobith.ponton,"Lobith, ponton",meting,CONCTTE,OW,Gemiddelde (massa)Concentratie tetrapropylammoniumbromide in Oppervlaktewater in ug/l,GEM,NVT,T4C3yNH3Br,,NVT,ug/l
lobith.ponton,"Lobith, ponton",meting,CONCTTE,OW,Gemiddelde (massa)Concentratie tetrachloormethaan (tetra) in Oppervlaktewater in ug/l,GEM,NVT,T4ClC1a,,NVT,ug/l
lobith.ponton,"Lobith, ponton",meting,CONCTTE,OW,(massa)Concentratie tetrachloormethaan (tetra) in Oppervlaktewater in ug/l,NVT,NVT,T4ClC1a,,NVT,ug/l
lobith.ponton,"Lobith, ponton",meting,CONCTTE,OW,(massa)Concentratie tetrachloorethaan in Oppervlaktewater in ug/l,NVT,NVT,T4ClC2a,,NVT,ug/l
lobith.ponton,"Lobith, ponton",meting,CONCTTE,OW,Gemiddelde (massa)Concentratie tetrachlooretheen (per) in Oppervlaktewater in ug/l,GEM,NVT,T4ClC2e,,NVT,ug/l
lobith.ponton,"Lobith, ponton",meting,CONCTTE,OW,(massa)Concentratie tetrachlooretheen (per) in Oppervlaktewater in ug/l,NVT,NVT,T4ClC2e,,NVT,ug/l
lobith.ponton,"Lobith, ponton",meting,CONCTTE,OW,(massa)Concentratie tetraconazool in Oppervlaktewater in ug/l,NVT,NVT,T4cnzl,,NVT,ug/l
lobith.ponton,"Lobith, ponton",meting,CONCTTE,OW,Gemiddelde (massa)Concentratie tetrahydrofuraan in Oppervlaktewater in ug/l,GEM,NVT,T4Hfrn,,NVT,ug/l
lobith.ponton,"Lobith, ponton",meting,CONCTTE,OW,(massa)Concentratie tetrahydrofuraan in Oppervlaktewater in ug/l,NVT,NVT,T4Hfrn,,NVT,ug/l
lobith.ponton,"Lobith, ponton",meting,CONCTTE,OW,(massa)Concentratie tantalium in Oppervlaktewater in ug/l,NVT,NVT,Ta,,NVT,ug/l
lobith.ponton,"Lobith, ponton",meting,CONCTTE,OW,Gemiddelde (massa)Concentratie triacetonamine in Oppervlaktewater in ug/l,GEM,NVT,TactnAe,,NVT,ug/l
lobith.ponton,"Lobith, ponton",meting,CONCTTE,OW,(massa)Concentratie triadimenol in Oppervlaktewater in ug/l,NVT,NVT,Tadmnl,,NVT,ug/l
lobith.ponton,"Lobith, ponton",meting,CONCTTE,OW,(massa)Concentratie tetraacetylethyleendiamine in Oppervlaktewater in ug/l,NVT,NVT,TAED,,NVT,ug/l
lobith.ponton,"Lobith, ponton",meting,CONCTTE,OW,(massa)Concentratie triallaat in Oppervlaktewater in ug/l,NVT,NVT,Talt,,NVT,ug/l
lobith.ponton,"Lobith, ponton",meting,CONCTTE,OW,(massa)Concentratie triazofos in Oppervlaktewater in ug/l,NVT,NVT,Tazfs,,NVT,ug/l
lobith.ponton,"Lobith, ponton",meting,CONCTTE,OW,(massa)Concentratie terbium in Oppervlaktewater in ug/l,NVT,NVT,Tb,,NVT,ug/l
lobith.ponton,"Lobith, ponton",meting,CONCTTE,OW,(massa)Concentratie tribroommethaan in Oppervlaktewater in ug/l,NVT,NVT,TBrC1a,,NVT,ug/l
lobith.ponton,"Lobith, ponton",meting,CONCTTE,OW,Gemiddelde (massa)Concentratie trimethylfosfaat in Oppervlaktewater in ug/l,GEM,NVT,TC1yPO4,,NVT,ug/l
lobith.ponton,"Lobith, ponton",meting,CONCTTE,OW,Gemiddelde (massa)Concentratie triethylfosfaat in Oppervlaktewater in ug/l,GEM,NVT,TC2yPO4,,NVT,ug/l
lobith.ponton,"Lobith, ponton",meting,CONCTTE,OW,(massa)Concentratie triethylfosfaat in Oppervlaktewater in ug/l,NVT,NVT,TC2yPO4,,NVT,ug/l
lobith.ponton,"Lobith, ponton",meting,CONCTTE,OW,Gemiddelde (massa)Concentratie tributylfosfaat in Oppervlaktewater in ug/l,GEM,NVT,TC4yPO4,,NVT,ug/l
lobith.ponton,"Lobith, ponton",meting,CONCTTE,OW,(massa)Concentratie tributylfosfaat in Oppervlaktewater in ug/l,NVT,NVT,TC4yPO4,,NVT,ug/l
lobith.ponton,"Lobith, ponton",meting,CONCTTE,OW,(massa)Concentratie trichloorbenzeen in Oppervlaktewater in ug/l,NVT,NVT,TClBen,,NVT,ug/l
lobith.ponton,"Lobith, ponton",meting,CONCTTE,OW,Gemiddelde (massa)Concentratie trichloormethaan (chloroform) in Oppervlaktewater in ug/l,GEM,NVT,TClC1a,,NVT,ug/l
lobith.ponton,"Lobith, ponton",meting,CONCTTE,OW,(massa)Concentratie trichloormethaan (chloroform) in Oppervlaktewater in ug/l,NVT,NVT,TClC1a,,NVT,ug/l
lobith.ponton,"Lobith, ponton",meting,CONCTTE,OW,Gemiddelde (massa)Concentratie trichlooretheen (tri) in Oppervlaktewater in ug/l,GEM,NVT,TClC2e,,NVT,ug/l
lobith.ponton,"Lobith, ponton",meting,CONCTTE,OW,(massa)Concentratie trichlooretheen (tri) in Oppervlaktewater in ug/l,NVT,NVT,TClC2e,,NVT,ug/l
lobith.ponton,"Lobith, ponton",meting,CONCTTE,OW,Gemiddelde (massa)Concentratie tris(1-chloor-2-propyl)fosfaat in Oppervlaktewater in ug/l,GEM,NVT,TClC3yPO4,,NVT,ug/l
lobith.ponton,"Lobith, ponton",meting,CONCTTE,OW,(massa)Concentratie trichloorfon in Oppervlaktewater in ug/l,NVT,NVT,TClfn,,NVT,ug/l
lobith.ponton,"Lobith, ponton",meting,CONCTTE,OW,(massa)Concentratie triclosan in Oppervlaktewater in ug/l,NVT,NVT,Tcsn,,NVT,ug/l
lobith.ponton,"Lobith, ponton",meting,CONCTTE,OW,(massa)Concentratie tellurium in Oppervlaktewater in ug/l,NVT,NVT,Te,,NVT,ug/l
lobith.ponton,"Lobith, ponton",meting,CONCTTE,OW,(massa)Concentratie tebuconazol in Oppervlaktewater in ug/l,NVT,NVT,tebcnzl,,NVT,ug/l
lobith.ponton,"Lobith, ponton",meting,CONCTTE,OW,(massa)Concentratie teflubenzuron in Oppervlaktewater in ug/l,NVT,NVT,tefbzrn,,NVT,ug/l
lobith.ponton,"Lobith, ponton",meting,CONCTTE,OW,Gemiddelde (massa)Concentratie tetraethyleenglycoldimethylether in Oppervlaktewater in ug/l,GEM,NVT,TEGDME,,NVT,ug/l
lobith.ponton,"Lobith, ponton",meting,CONCTTE,OW,(massa)Concentratie tetraethyleenglycoldimethylether in Oppervlaktewater in ug/l,NVT,NVT,TEGDME,,NVT,ug/l
lobith.ponton,"Lobith, ponton",meting,CONCTTE,OW,(massa)Concentratie telodrin in Oppervlaktewater in ug/l,NVT,NVT,teldn,,NVT,ug/l
lobith.ponton,"Lobith, ponton",meting,CONCTTE,OW,Gemiddelde (massa)Concentratie terbutrin in Oppervlaktewater in ug/l,GEM,NVT,terbtn,,NVT,ug/l
lobith.ponton,"Lobith, ponton",meting,CONCTTE,OW,(massa)Concentratie terbutrin in Oppervlaktewater in ug/l,NVT,NVT,terbtn,,NVT,ug/l
lobith.ponton,"Lobith, ponton",meting,CONCTTE,OW,Gemiddelde (massa)Concentratie terbutylazine in Oppervlaktewater in ug/l,GEM,NVT,terC4yazne,,NVT,ug/l
lobith.ponton,"Lobith, ponton",meting,CONCTTE,OW,(massa)Concentratie terbutylazine in Oppervlaktewater in ug/l,NVT,NVT,terC4yazne,,NVT,ug/l
lobith.ponton,"Lobith, ponton",meting,CONCTTE,OW,(massa)Concentratie trifluorazijnzuur in Oppervlaktewater in ug/l,NVT,NVT,TFHAc,,NVT,ug/l
lobith.ponton,"Lobith, ponton",meting,CONCTTE,OW,(massa)Concentratie trifluormethaansulfonzuur in Oppervlaktewater in ug/l,NVT,NVT,TFlC1asfzr,,NVT,ug/l
lobith.ponton,"Lobith, ponton",meting,CONCTTE,OW,(massa)Concentratie trifluraline in Oppervlaktewater in ug/l,NVT,NVT,Tfrlne,,NVT,ug/l
lobith.ponton,"Lobith, ponton",meting,CONCTTE,OW,Gemiddelde (massa)Concentratie trifenylfosfaat in Oppervlaktewater in ug/l,GEM,NVT,TFyPO4,,NVT,ug/l
lobith.ponton,"Lobith, ponton",meting,CONCTTE,OW,(massa)Concentratie trifenylfosfaat in Oppervlaktewater in ug/l,NVT,NVT,TFyPO4,,NVT,ug/l
lobith.ponton,"Lobith, ponton",meting,CONCTTE,OW,(massa)Concentratie trifenyltin (kation) in Oppervlaktewater in ug/l,NVT,NVT,TFySn,,NVT,ug/l
lobith.ponton,"Lobith, ponton",meting,CONCTTE,OW,(massa)Concentratie thorium in Oppervlaktewater in ug/l,NVT,NVT,Th,,NVT,ug/l
lobith.ponton,"Lobith, ponton",meting,CONCTTE,OW,(massa)Concentratie thiacloprid in Oppervlaktewater in ug/l,NVT,NVT,thiacpd,,NVT,ug/l
lobith.ponton,"Lobith, ponton",meting,CONCTTE,OW,(massa)Concentratie thiamethoxam in Oppervlaktewater in ug/l,NVT,NVT,thiamtxm,,NVT,ug/l
lobith.ponton,"Lobith, ponton",meting,CONCTTE,OW,(massa)Concentratie trans-heptachloorepoxide in Oppervlaktewater in ug/l,NVT,NVT,tHpClepO,,NVT,ug/l
lobith.ponton,"Lobith, ponton",meting,CONCTTE,OW,(massa)Concentratie titaan in Oppervlaktewater in ug/l,NVT,NVT,Ti,,NVT,ug/l
lobith.ponton,"Lobith, ponton",meting,CONCTTE,OW,(massa)Concentratie tiamuline in Oppervlaktewater in ug/l,NVT,NVT,tiamlne,,NVT,ug/l
lobith.ponton,"Lobith, ponton",meting,CONCTTE,OW,Gemiddelde (massa)Concentratie triisobutylfosfaat in Oppervlaktewater in ug/l,GEM,NVT,TiC4yPO4,,NVT,ug/l
lobith.ponton,"Lobith, ponton",meting,CONCTTE,OW,(massa)Concentratie thallium in Oppervlaktewater in ug/l,NVT,NVT,Tl,,NVT,ug/l
lobith.ponton,"Lobith, ponton",meting,CONCTTE,OW,(massa)Concentratie thulium in Oppervlaktewater in ug/l,NVT,NVT,Tm,,NVT,ug/l
lobith.ponton,"Lobith, ponton",meting,CONCTTE,OW,"Gemiddelde (massa)Concentratie tetramethyl-1,4-benzeendiamine in Oppervlaktewater in ug/l",GEM,NVT,TMPD,,NVT,ug/l
lobith.ponton,"Lobith, ponton",meting,CONCTTE,OW,"(massa)Concentratie tetramethyl-1,4-benzeendiamine in Oppervlaktewater in ug/l",NVT,NVT,TMPD,,NVT,ug/l
lobith.ponton,"Lobith, ponton",meting,CONCTTE,OW,(massa)Concentratie trimethoprim in Oppervlaktewater in ug/l,NVT,NVT,Tmtpm,,NVT,ug/l
lobith.ponton,"Lobith, ponton",meting,CONCTTE,OW,Gemiddelde (massa)Concentratie tolueen in Oppervlaktewater in ug/l,GEM,NVT,Tol,,NVT,ug/l
lobith.ponton,"Lobith, ponton",meting,CONCTTE,OW,(massa)Concentratie tolueen in Oppervlaktewater in ug/l,NVT,NVT,Tol,,NVT,ug/l
lobith.ponton,"Lobith, ponton",meting,CONCTTE,OW,(massa)Concentratie tolclofos-methyl in Oppervlaktewater in ug/l,NVT,NVT,tolcfsC1y,,NVT,ug/l
lobith.ponton,"Lobith, ponton",meting,CONCTTE,OW,Gemiddelde (massa)Concentratie trifenylfosfineoxide in Oppervlaktewater in ug/l,GEM,NVT,TPPO,,NVT,ug/l
lobith.ponton,"Lobith, ponton",meting,CONCTTE,OW,(massa)Concentratie trifenylfosfineoxide in Oppervlaktewater in ug/l,NVT,NVT,TPPO,,NVT,ug/l
lobith.ponton,"Lobith, ponton",meting,CONCTTE,OW,(massa)Concentratie tramadol in Oppervlaktewater in ug/l,NVT,NVT,tramdl,,NVT,ug/l
lobith.ponton,"Lobith, ponton",meting,CONCTTE,OW,(massa)Concentratie tris(2-butoxyethyl)fosfaat in Oppervlaktewater in ug/l,NVT,NVT,tris2C4oxC2y,,NVT,ug/l
lobith.ponton,"Lobith, ponton",meting,CONCTTE,OW,Gemiddelde (massa)Concentratie tertiair-butylbenzeen in Oppervlaktewater in ug/l,GEM,NVT,ttC4yBen,,NVT,ug/l
lobith.ponton,"Lobith, ponton",meting,CONCTTE,OW,(massa)Concentratie tertiair-butylbenzeen in Oppervlaktewater in ug/l,NVT,NVT,ttC4yBen,,NVT,ug/l
lobith.ponton,"Lobith, ponton",meting,CONCTTE,OW,(massa)Concentratie uranium in Oppervlaktewater in ug/l,NVT,NVT,U,,NVT,ug/l
lobith.ponton,"Lobith, ponton",meting,CONCTTE,OW,(massa)Concentratie vanadium in Oppervlaktewater in ug/l,NVT,NVT,V,,NVT,ug/l
lobith.ponton,"Lobith, ponton",meting,CONCTTE,OW,(massa)Concentratie valsartan in Oppervlaktewater in ug/l,NVT,NVT,valstan,,NVT,ug/l
lobith.ponton,"Lobith, ponton",meting,CONCTTE,OW,(massa)Concentratie valsartanzuur in Oppervlaktewater in ug/l,NVT,NVT,valstzr,,NVT,ug/l
lobith.ponton,"Lobith, ponton",meting,CONCTTE,OW,Gemiddelde (massa)Concentratie valium in Oppervlaktewater in ug/l,GEM,NVT,valum,,NVT,ug/l
lobith.ponton,"Lobith, ponton",meting,CONCTTE,OW,(massa)Concentratie valium in Oppervlaktewater in ug/l,NVT,NVT,valum,,NVT,ug/l
lobith.ponton,"Lobith, ponton",meting,CONCTTE,OW,(massa)Concentratie venlafaxine in Oppervlaktewater in ug/l,NVT,NVT,venlfxne,,NVT,ug/l
lobith.ponton,"Lobith, ponton",meting,CONCTTE,OW,(massa)Concentratie verdox in Oppervlaktewater in ug/l,NVT,NVT,verdx,,NVT,ug/l
lobith.ponton,"Lobith, ponton",meting,CONCTTE,OW,(massa)Concentratie wolfraam in Oppervlaktewater in ug/l,NVT,NVT,W,,NVT,ug/l
lobith.ponton,"Lobith, ponton",meting,CONCTTE,OW,(massa)Concentratie warfarin in Oppervlaktewater in ug/l,NVT,NVT,warfrn,,NVT,ug/l
lobith.ponton,"Lobith, ponton",meting,CONCTTE,OW,(massa)Concentratie yttrium in Oppervlaktewater in ug/l,NVT,NVT,Y,,NVT,ug/l
lobith.ponton,"Lobith, ponton",meting,CONCTTE,OW,(massa)Concentratie ytterbium in Oppervlaktewater in ug/l,NVT,NVT,Yb,,NVT,ug/l
lobith.ponton,"Lobith, ponton",meting,CONCTTE,OW,(massa)Concentratie zink in Oppervlaktewater in ug/l,NVT,NVT,Zn,,NVT,ug/l
lobith.ponton,"Lobith, ponton",meting,CONCTTE,OW,(massa)Concentratie zirkonium in Oppervlaktewater in ug/l,NVT,NVT,Zr,,NVT,ug/l
lobith.ponton,"Lobith, ponton",meting,CONCTTE,OW,(massa)Concentratie trifenyltin (kation) in Oppervlaktewater uitgedrukt in tin in ug/l,NVT,NVT,TFySn,,Sn,ug/l
lobith.ponton,"Lobith, ponton",meting,E,OW,Extinctie in Oppervlaktewater in /m,NVT,NVT,NVT,,NVT,/m
lobith.ponton,"Lobith, ponton",meting,FLUORCTE,OW,Gemiddelde Fluorescentie in Oppervlaktewater in U,GEM,NVT,NVT,,NVT,U
lobith.ponton,"Lobith, ponton",meting,GELDHD,OW,Gemiddelde Geleidendheid in Oppervlaktewater t.o.v. 20 graden Celsius in mS/m,GEM,NVT,NVT,,20oC,mS/m
lobith.ponton,"Lobith, ponton",meting,GELDHD,OW,Etmaalgemiddelde Geleidendheid in Oppervlaktewater t.o.v. 20 graden Celsius in mS/m,GEM24H,NVT,NVT,,20oC,mS/m
lobith.ponton,"Lobith, ponton",meting,GELDHD,OW,Geleidendheid in Oppervlaktewater t.o.v. 20 graden Celsius in mS/m,NVT,NVT,NVT,,20oC,mS/m
lobith.ponton,"Lobith, ponton",meting,GELDHD,OW,Etmaalgemiddelde Geleidendheid in Oppervlaktewater in mS/m,GEM24H,NVT,NVT,,NVT,mS/m
lobith.ponton,"Lobith, ponton",meting,GELDHD,OW,Geleidendheid in Oppervlaktewater in S/m,NVT,NVT,NVT,,NVT,S/m
lobith.ponton,"Lobith, ponton",meting,GEURVDNFTR,OW,Geurverdunningsfactor in Oppervlaktewater,NVT,NVT,NVT,,NVT,DIMSLS
lobith.ponton,"Lobith, ponton",meting,GOLFHTE,OW,Golfhoogte in Oppervlaktewater in dm,NVT,NVT,NVT,,NVT,dm
lobith.ponton,"Lobith, ponton",meting,HH,OW,Hardheid in Oppervlaktewater in meq/l,NVT,NVT,NVT,,NVT,meq/l
lobith.ponton,"Lobith, ponton",meting,HH,OW,Hardheid in Oppervlaktewater uitgedrukt in calciumcarbonaat in mg/l,NVT,NVT,NVT,,CaCO3,mg/l
lobith.ponton,"Lobith, ponton",meting,HH,OW,Hardheid in Oppervlaktewater in oD,NVT,NVT,NVT,,NVT,oD
lobith.ponton,"Lobith, ponton",meting,HHT,OW,Hardheid tijdelijk in Oppervlaktewater in meq/l,NVT,NVT,NVT,,NVT,meq/l
lobith.ponton,"Lobith, ponton",meting,HHT,OW,Hardheid tijdelijk in Oppervlaktewater in oD,NVT,NVT,NVT,,NVT,oD
lobith.ponton,"Lobith, ponton",meting,I-TEQ,OW,Gemiddelde Internationaal toxisch equivalent volgens NATO/CCMS in Oppervlaktewater uitgedrukt in Toxiciteit equivalenten,GEM,NVT,NVT,,TEQ,DIMSLS
lobith.ponton,"Lobith, ponton",meting,KGF,BS,Korrelgroottefractie in Bodem/Sediment diameter kleiner dan 2 um / drooggewicht in %,NVT,NVT,NVT,,Dk0002dg,%
lobith.ponton,"Lobith, ponton",meting,KGF,BS,Korrelgroottefractie in Bodem/Sediment diameter kleiner dan 10 um / drooggewicht in %,NVT,NVT,NVT,,Dk0010dg,%
lobith.ponton,"Lobith, ponton",meting,KGF,BS,Korrelgroottefractie in Bodem/Sediment diameter kleiner dan 16 um / drooggewicht in %,NVT,NVT,NVT,,Dk0016dg,%
lobith.ponton,"Lobith, ponton",meting,KGF,BS,Korrelgroottefractie in Bodem/Sediment diameter kleiner dan 50 um / drooggewicht in %,NVT,NVT,NVT,,Dk0050dg,%
lobith.ponton,"Lobith, ponton",meting,KGF,BS,Korrelgroottefractie in Bodem/Sediment diameter kleiner dan 63 um / drooggewicht in %,NVT,NVT,NVT,,Dk0063dg,%
lobith.ponton,"Lobith, ponton",meting,KGF,ZS,Korrelgroottefractie in Zwevende stof diameter groter dan 63 um / drooggewicht in %,NVT,NVT,NVT,,Dg0063dg,%
lobith.ponton,"Lobith, ponton",meting,KGF,ZS,Korrelgroottefractie in Zwevende stof diameter kleiner dan 2 um / drooggewicht in %,NVT,NVT,NVT,,Dk0002dg,%
lobith.ponton,"Lobith, ponton",meting,KGF,ZS,Korrelgroottefractie in Zwevende stof diameter kleiner dan 4 um / drooggewicht in %,NVT,NVT,NVT,,Dk0004dg,%
lobith.ponton,"Lobith, ponton",meting,KGF,ZS,Korrelgroottefractie in Zwevende stof diameter kleiner dan 8 um / drooggewicht in %,NVT,NVT,NVT,,Dk0008dg,%
lobith.ponton,"Lobith, ponton",meting,KGF,ZS,Korrelgroottefractie in Zwevende stof diameter kleiner dan 10 um / drooggewicht in %,NVT,NVT,NVT,,Dk0010dg,%
lobith.ponton,"Lobith, ponton",meting,KGF,ZS,Korrelgroottefractie in Zwevende stof diameter kleiner dan 16 um / drooggewicht in %,NVT,NVT,NVT,,Dk0016dg,%
lobith.ponton,"Lobith, ponton",meting,KGF,ZS,Korrelgroottefractie in Zwevende stof diameter kleiner dan 20 um / drooggewicht in %,NVT,NVT,NVT,,Dk0020dg,%
lobith.ponton,"Lobith, ponton",meting,KGF,ZS,Korrelgroottefractie in Zwevende stof diameter kleiner dan 32 um / drooggewicht in %,NVT,NVT,NVT,,Dk0032dg,%
lobith.ponton,"Lobith, ponton",meting,KGF,ZS,Korrelgroottefractie in Zwevende stof diameter kleiner dan 50 um / drooggewicht in %,NVT,NVT,NVT,,Dk0050dg,%
lobith.ponton,"Lobith, ponton",meting,KGF,ZS,Korrelgroottefractie in Zwevende stof diameter kleiner dan 63 um / drooggewicht in %,NVT,NVT,NVT,,Dk0063dg,%
lobith.ponton,"Lobith, ponton",meting,LENGTE,OE,Lengte in Organisme (biota) in Rutilus rutilus mm,NVT,NVT,NVT,,NVT,mm
lobith.ponton,"Lobith, ponton",meting,LENGTE,OE,Lengte in Organisme (biota) in Schelp Dreissena bugensis mm,NVT,NVT,NVT,,NVT,mm
lobith.ponton,"Lobith, ponton",meting,LENGTE,OE,Lengte in Organisme (biota) in Schelp Dreissena polymorpha mm,NVT,NVT,NVT,,NVT,mm
lobith.ponton,"Lobith, ponton",meting,LENGTE_SD,OE,Standaarddeviatie van de lengte in Organisme (biota) in Rutilus rutilus mm,NVT,NVT,NVT,,NVT,mm
lobith.ponton,"Lobith, ponton",meting,LUCHTDK,LT,Luchtdruk in Lucht in hPa,NVT,NVT,NVT,,NVT,hPa
lobith.ponton,"Lobith, ponton",meting,MASSA,BS,Massa in Bodem/Sediment t.o.v. drooggewicht in g,NVT,NVT,NVT,,dg,g
lobith.ponton,"Lobith, ponton",meting,MASSA,OE,Massa in Organisme (biota) in Rutilus rutilus g,NVT,NVT,NVT,,NVT,g
lobith.ponton,"Lobith, ponton",meting,MASSA,OE,Massa in Organisme (biota) in Vlees Dreissena bugensis g,NVT,NVT,NVT,,NVT,g
lobith.ponton,"Lobith, ponton",meting,MASSA,OE,Massa in Organisme (biota) in Vlees Dreissena polymorpha g,NVT,NVT,NVT,,NVT,g
lobith.ponton,"Lobith, ponton",meting,MASSA,ZS,Massa in Zwevende stof t.o.v. drooggewicht in g,NVT,NVT,NVT,,dg,g
lobith.ponton,"Lobith, ponton",meting,MASSFTE,BS,Massafractie koolstof organisch in Bodem/Sediment uitgedrukt in koolstof / drooggewicht in %,NVT,NVT,Corg,,Cdg,%
lobith.ponton,"Lobith, ponton",meting,MASSFTE,BS,Massafractie Droge stof in Bodem/Sediment in %,NVT,NVT,DS,,NVT,%
lobith.ponton,"Lobith, ponton",meting,MASSFTE,OE,Massafractie Droge stof in Organisme (biota) t.o.v. natgewicht in Rutilus rutilus %,NVT,NVT,DS,,ng,%
lobith.ponton,"Lobith, ponton",meting,MASSFTE,OE,Massafractie Droge stof in Organisme (biota) t.o.v. natgewicht in Vlees Anguilla anguilla %,NVT,NVT,DS,,ng,%
lobith.ponton,"Lobith, ponton",meting,MASSFTE,OE,Massafractie Droge stof in Organisme (biota) t.o.v. natgewicht in Vlees Dreissena bugensis %,NVT,NVT,DS,,ng,%
lobith.ponton,"Lobith, ponton",meting,MASSFTE,OE,Massafractie Droge stof in Organisme (biota) t.o.v. natgewicht in Vlees Dreissena polymorpha %,NVT,NVT,DS,,ng,%
lobith.ponton,"Lobith, ponton",meting,MASSFTE,OE,Massafractie Gloeirest in Organisme (biota) t.o.v. natgewicht in Vlees Anguilla anguilla %,NVT,NVT,GR,,ng,%
lobith.ponton,"Lobith, ponton",meting,MASSFTE,OE,Massafractie Gloeirest in Organisme (biota) t.o.v. natgewicht in Vlees Dreissena bugensis %,NVT,NVT,GR,,ng,%
lobith.ponton,"Lobith, ponton",meting,MASSFTE,OE,Massafractie Gloeirest in Organisme (biota) t.o.v. natgewicht in Vlees Dreissena polymorpha %,NVT,NVT,GR,,ng,%
lobith.ponton,"Lobith, ponton",meting,MASSFTE,OE,Massafractie Gloeiverlies in Organisme (biota) t.o.v. natgewicht in Vlees Anguilla anguilla %,NVT,NVT,GV,,ng,%
lobith.ponton,"Lobith, ponton",meting,MASSFTE,OE,Massafractie Gloeiverlies in Organisme (biota) t.o.v. natgewicht in Vlees Dreissena bugensis %,NVT,NVT,GV,,ng,%
lobith.ponton,"Lobith, ponton",meting,MASSFTE,OE,Massafractie Gloeiverlies in Organisme (biota) t.o.v. natgewicht in Vlees Dreissena polymorpha %,NVT,NVT,GV,,ng,%
lobith.ponton,"Lobith, ponton",meting,MASSFTE,ZS,Massafractie koolstof organisch in Zwevende stof uitgedrukt in koolstof / drooggewicht in %,NVT,NVT,Corg,,Cdg,%
lobith.ponton,"Lobith, ponton",meting,MASSFTE,ZS,Massafractie koolstof anorganisch in Zwevende stof t.o.v. drooggewicht in %,NVT,NVT,Canorg,,dg,%
lobith.ponton,"Lobith, ponton",meting,MASSFTE,ZS,Massafractie Droge stof in Zwevende stof in %,NVT,NVT,DS,,NVT,%
lobith.ponton,"Lobith, ponton",meting,MASSFTE,BS,Massafractie ijzer in Bodem/Sediment t.o.v. drooggewicht in g/kg,NVT,NVT,Fe,,dg,g/kg
lobith.ponton,"Lobith, ponton",meting,MASSFTE,OE,Massafractie in Organisme (biota) asvrij drooggewicht in Vlees Dreissena polymorpha g/kg,NVT,NVT,NVT,,adg,g/kg
lobith.ponton,"Lobith, ponton",meting,MASSFTE,OE,Massafractie Vet in Organisme (biota) t.o.v. natgewicht in Rutilus rutilus g/kg,NVT,NVT,VET,,ng,g/kg
lobith.ponton,"Lobith, ponton",meting,MASSFTE,OE,Massafractie Vet in Organisme (biota) t.o.v. natgewicht in Vlees Anguilla anguilla g/kg,NVT,NVT,VET,,ng,g/kg
lobith.ponton,"Lobith, ponton",meting,MASSFTE,OE,Massafractie Vet in Organisme (biota) t.o.v. natgewicht in Vlees Dreissena bugensis g/kg,NVT,NVT,VET,,ng,g/kg
lobith.ponton,"Lobith, ponton",meting,MASSFTE,OE,Massafractie Vet in Organisme (biota) t.o.v. natgewicht in Vlees Dreissena polymorpha g/kg,NVT,NVT,VET,,ng,g/kg
lobith.ponton,"Lobith, ponton",meting,MASSFTE,OE,Massafractie Droge stof in Organisme (biota) in Vlees Dreissena polymorpha g/kg,NVT,NVT,DS,,NVT,g/kg
lobith.ponton,"Lobith, ponton",meting,MASSFTE,ZS,Massafractie calcium in Zwevende stof t.o.v. drooggewicht in g/kg,NVT,NVT,Ca,,dg,g/kg
lobith.ponton,"Lobith, ponton",meting,MASSFTE,ZS,Massafractie ijzer in Zwevende stof t.o.v. drooggewicht in g/kg,NVT,NVT,Fe,,dg,g/kg
lobith.ponton,"Lobith, ponton",meting,MASSFTE,ZS,Massafractie kalium in Zwevende stof t.o.v. drooggewicht in g/kg,NVT,NVT,K,,dg,g/kg
lobith.ponton,"Lobith, ponton",meting,MASSFTE,ZS,Massafractie magnesium in Zwevende stof t.o.v. drooggewicht in g/kg,NVT,NVT,Mg,,dg,g/kg
lobith.ponton,"Lobith, ponton",meting,MASSFTE,ZS,Massafractie natrium in Zwevende stof t.o.v. drooggewicht in g/kg,NVT,NVT,Na,,dg,g/kg
lobith.ponton,"Lobith, ponton",meting,MASSFTE,ZS,Massafractie titaan in Zwevende stof t.o.v. drooggewicht in g/kg,NVT,NVT,Ti,,dg,g/kg
lobith.ponton,"Lobith, ponton",meting,MASSFTE,OW,Gemiddelde Massafractie bismuth 214 in Oppervlaktewater in mBq/l,GEM,NVT,Bi214,,NVT,mBq/l
lobith.ponton,"Lobith, ponton",meting,MASSFTE,BS,Massafractie fosfor totaal in Bodem/Sediment t.o.v. drooggewicht in mg/g,NVT,NVT,Ptot,,dg,mg/g
lobith.ponton,"Lobith, ponton",meting,MASSFTE,ZS,Massafractie fosfor totaal in Zwevende stof t.o.v. drooggewicht in mg/g,NVT,NVT,Ptot,,dg,mg/g
lobith.ponton,"Lobith, ponton",meting,MASSFTE,BS,"Massafractie 2,3,4,5-tetrachloorfenol in Bodem/Sediment t.o.v. drooggewicht in mg/kg",NVT,NVT,2345T4ClFol,,dg,mg/kg
lobith.ponton,"Lobith, ponton",meting,MASSFTE,BS,"Massafractie 2,3,4-trichloorfenol in Bodem/Sediment t.o.v. drooggewicht in mg/kg",NVT,NVT,234TClFol,,dg,mg/kg
lobith.ponton,"Lobith, ponton",meting,MASSFTE,BS,"Massafractie 2,3,5-trichloorfenol in Bodem/Sediment t.o.v. drooggewicht in mg/kg",NVT,NVT,235TClFol,,dg,mg/kg
lobith.ponton,"Lobith, ponton",meting,MASSFTE,BS,"Massafractie 2,3,6-trichloorfenol in Bodem/Sediment t.o.v. drooggewicht in mg/kg",NVT,NVT,236TClFol,,dg,mg/kg
lobith.ponton,"Lobith, ponton",meting,MASSFTE,BS,"Massafractie 2,3-dichloorfenol in Bodem/Sediment t.o.v. drooggewicht in mg/kg",NVT,NVT,23DClFol,,dg,mg/kg
lobith.ponton,"Lobith, ponton",meting,MASSFTE,BS,"Massafractie 2,4,5-trichloorfenol in Bodem/Sediment t.o.v. drooggewicht in mg/kg",NVT,NVT,245TClFol,,dg,mg/kg
lobith.ponton,"Lobith, ponton",meting,MASSFTE,BS,"Massafractie 2,4,6-trichloorfenol in Bodem/Sediment t.o.v. drooggewicht in mg/kg",NVT,NVT,246TClFol,,dg,mg/kg
lobith.ponton,"Lobith, ponton",meting,MASSFTE,BS,"Massafractie 2,6-dichloorfenol in Bodem/Sediment t.o.v. drooggewicht in mg/kg",NVT,NVT,26DClFol,,dg,mg/kg
lobith.ponton,"Lobith, ponton",meting,MASSFTE,BS,Massafractie 2-chloorfenol in Bodem/Sediment t.o.v. drooggewicht in mg/kg,NVT,NVT,2ClFol,,dg,mg/kg
lobith.ponton,"Lobith, ponton",meting,MASSFTE,BS,"Massafractie 3,4,5-trichloorfenol in Bodem/Sediment t.o.v. drooggewicht in mg/kg",NVT,NVT,345TClFol,,dg,mg/kg
lobith.ponton,"Lobith, ponton",meting,MASSFTE,BS,"Massafractie 3,4-dichloorfenol in Bodem/Sediment t.o.v. drooggewicht in mg/kg",NVT,NVT,34DClFol,,dg,mg/kg
lobith.ponton,"Lobith, ponton",meting,MASSFTE,BS,"Massafractie 3,5-dichloorfenol in Bodem/Sediment t.o.v. drooggewicht in mg/kg",NVT,NVT,35DClFol,,dg,mg/kg
lobith.ponton,"Lobith, ponton",meting,MASSFTE,BS,Massafractie 3-chloorfenol in Bodem/Sediment t.o.v. drooggewicht in mg/kg,NVT,NVT,3ClFol,,dg,mg/kg
lobith.ponton,"Lobith, ponton",meting,MASSFTE,BS,Massafractie 4-chloorfenol in Bodem/Sediment t.o.v. drooggewicht in mg/kg,NVT,NVT,4ClFol,,dg,mg/kg
lobith.ponton,"Lobith, ponton",meting,MASSFTE,BS,Massafractie antraceen in Bodem/Sediment t.o.v. drooggewicht in mg/kg,NVT,NVT,Ant,,dg,mg/kg
lobith.ponton,"Lobith, ponton",meting,MASSFTE,BS,Massafractie arseen in Bodem/Sediment t.o.v. drooggewicht in mg/kg,NVT,NVT,As,,dg,mg/kg
lobith.ponton,"Lobith, ponton",meting,MASSFTE,BS,Massafractie benzo(a)antraceen in Bodem/Sediment t.o.v. drooggewicht in mg/kg,NVT,NVT,BaA,,dg,mg/kg
lobith.ponton,"Lobith, ponton",meting,MASSFTE,BS,Massafractie benzo(a)pyreen in Bodem/Sediment t.o.v. drooggewicht in mg/kg,NVT,NVT,BaP,,dg,mg/kg
lobith.ponton,"Lobith, ponton",meting,MASSFTE,BS,Massafractie benzo(b)fluorantheen in Bodem/Sediment t.o.v. drooggewicht in mg/kg,NVT,NVT,BbF,,dg,mg/kg
lobith.ponton,"Lobith, ponton",meting,MASSFTE,BS,Massafractie benzo(ghi)peryleen in Bodem/Sediment t.o.v. drooggewicht in mg/kg,NVT,NVT,BghiPe,,dg,mg/kg
lobith.ponton,"Lobith, ponton",meting,MASSFTE,BS,Massafractie benzo(k)fluorantheen in Bodem/Sediment t.o.v. drooggewicht in mg/kg,NVT,NVT,BkF,,dg,mg/kg
lobith.ponton,"Lobith, ponton",meting,MASSFTE,BS,Massafractie cadmium in Bodem/Sediment t.o.v. drooggewicht in mg/kg,NVT,NVT,Cd,,dg,mg/kg
lobith.ponton,"Lobith, ponton",meting,MASSFTE,BS,Massafractie chryseen in Bodem/Sediment t.o.v. drooggewicht in mg/kg,NVT,NVT,Chr,,dg,mg/kg
lobith.ponton,"Lobith, ponton",meting,MASSFTE,BS,Massafractie chroom in Bodem/Sediment t.o.v. drooggewicht in mg/kg,NVT,NVT,Cr,,dg,mg/kg
lobith.ponton,"Lobith, ponton",meting,MASSFTE,BS,Massafractie koper in Bodem/Sediment t.o.v. drooggewicht in mg/kg,NVT,NVT,Cu,,dg,mg/kg
lobith.ponton,"Lobith, ponton",meting,MASSFTE,BS,"Massafractie dibenzo(a,h)antraceen in Bodem/Sediment t.o.v. drooggewicht in mg/kg",NVT,NVT,DBahAnt,,dg,mg/kg
lobith.ponton,"Lobith, ponton",meting,MASSFTE,BS,Massafractie fenantreen in Bodem/Sediment t.o.v. drooggewicht in mg/kg,NVT,NVT,Fen,,dg,mg/kg
lobith.ponton,"Lobith, ponton",meting,MASSFTE,BS,Massafractie fluorantheen in Bodem/Sediment t.o.v. drooggewicht in mg/kg,NVT,NVT,Flu,,dg,mg/kg
lobith.ponton,"Lobith, ponton",meting,MASSFTE,BS,Massafractie kwik in Bodem/Sediment t.o.v. drooggewicht in mg/kg,NVT,NVT,Hg,,dg,mg/kg
lobith.ponton,"Lobith, ponton",meting,MASSFTE,BS,"Massafractie indeno(1,2,3-cd)pyreen in Bodem/Sediment t.o.v. drooggewicht in mg/kg",NVT,NVT,InP,,dg,mg/kg
lobith.ponton,"Lobith, ponton",meting,MASSFTE,BS,Massafractie minerale olie in Bodem/Sediment t.o.v. drooggewicht in mg/kg,NVT,NVT,minrlole,,dg,mg/kg
lobith.ponton,"Lobith, ponton",meting,MASSFTE,BS,Massafractie mangaan in Bodem/Sediment t.o.v. drooggewicht in mg/kg,NVT,NVT,Mn,,dg,mg/kg
lobith.ponton,"Lobith, ponton",meting,MASSFTE,BS,Massafractie nikkel in Bodem/Sediment t.o.v. drooggewicht in mg/kg,NVT,NVT,Ni,,dg,mg/kg
lobith.ponton,"Lobith, ponton",meting,MASSFTE,BS,Massafractie lood in Bodem/Sediment t.o.v. drooggewicht in mg/kg,NVT,NVT,Pb,,dg,mg/kg
lobith.ponton,"Lobith, ponton",meting,MASSFTE,BS,Massafractie pyreen in Bodem/Sediment t.o.v. drooggewicht in mg/kg,NVT,NVT,Pyr,,dg,mg/kg
lobith.ponton,"Lobith, ponton",meting,MASSFTE,BS,"Massafractie som 2,3,4,6- en 2,3,5,6-tetrachloorfenol in Bodem/Sediment t.o.v. drooggewicht in mg/kg",NVT,NVT,s23x6T4ClFol,,dg,mg/kg
lobith.ponton,"Lobith, ponton",meting,MASSFTE,BS,"Massafractie som 2,4- en 2,5-dichloorfenol in Bodem/Sediment t.o.v. drooggewicht in mg/kg",NVT,NVT,s2425DClFol,,dg,mg/kg
lobith.ponton,"Lobith, ponton",meting,MASSFTE,BS,Massafractie scandium in Bodem/Sediment t.o.v. drooggewicht in mg/kg,NVT,NVT,Sc,,dg,mg/kg
lobith.ponton,"Lobith, ponton",meting,MASSFTE,BS,Massafractie som 6 polycyclische aromatische koolwaterstoffen (Borneff) in Bodem/Sediment t.o.v. drooggewicht in mg/kg,NVT,NVT,sPAK6,,dg,mg/kg
lobith.ponton,"Lobith, ponton",meting,MASSFTE,BS,Massafractie zink in Bodem/Sediment t.o.v. drooggewicht in mg/kg,NVT,NVT,Zn,,dg,mg/kg
lobith.ponton,"Lobith, ponton",meting,MASSFTE,BS,Massafractie stikstof Kjeldahl in Bodem/Sediment uitgedrukt in stikstof / drooggewicht in mg/kg,NVT,NVT,NKj,,Ndg,mg/kg
lobith.ponton,"Lobith, ponton",meting,MASSFTE,OE,Massafractie cadmium in Organisme (biota) t.o.v. natgewicht in Vlees Dreissena bugensis mg/kg,NVT,NVT,Cd,,ng,mg/kg
lobith.ponton,"Lobith, ponton",meting,MASSFTE,OE,Massafractie cadmium in Organisme (biota) t.o.v. natgewicht in Vlees Dreissena polymorpha mg/kg,NVT,NVT,Cd,,ng,mg/kg
lobith.ponton,"Lobith, ponton",meting,MASSFTE,OE,Massafractie kwik in Organisme (biota) t.o.v. natgewicht in Rutilus rutilus mg/kg,NVT,NVT,Hg,,ng,mg/kg
lobith.ponton,"Lobith, ponton",meting,MASSFTE,OE,Massafractie kwik in Organisme (biota) t.o.v. natgewicht in Vlees Anguilla anguilla mg/kg,NVT,NVT,Hg,,ng,mg/kg
lobith.ponton,"Lobith, ponton",meting,MASSFTE,OE,Massafractie kwik in Organisme (biota) t.o.v. natgewicht in Vlees Dreissena bugensis mg/kg,NVT,NVT,Hg,,ng,mg/kg
lobith.ponton,"Lobith, ponton",meting,MASSFTE,OE,Massafractie kwik in Organisme (biota) t.o.v. natgewicht in Vlees Dreissena polymorpha mg/kg,NVT,NVT,Hg,,ng,mg/kg
lobith.ponton,"Lobith, ponton",meting,MASSFTE,OE,Massafractie lood in Organisme (biota) t.o.v. natgewicht in Vlees Dreissena bugensis mg/kg,NVT,NVT,Pb,,ng,mg/kg
lobith.ponton,"Lobith, ponton",meting,MASSFTE,OE,Massafractie lood in Organisme (biota) t.o.v. natgewicht in Vlees Dreissena polymorpha mg/kg,NVT,NVT,Pb,,ng,mg/kg
lobith.ponton,"Lobith, ponton",meting,MASSFTE,OW,Massafractie minerale olie in Oppervlaktewater in mg/kg,NVT,NVT,minrlole,,NVT,mg/kg
lobith.ponton,"Lobith, ponton",meting,MASSFTE,ZS,"Massafractie 2,3,4,5-tetrachloorfenol in Zwevende stof t.o.v. drooggewicht in mg/kg",NVT,NVT,2345T4ClFol,,dg,mg/kg
lobith.ponton,"Lobith, ponton",meting,MASSFTE,ZS,"Massafractie 2,3,4-trichloorfenol in Zwevende stof t.o.v. drooggewicht in mg/kg",NVT,NVT,234TClFol,,dg,mg/kg
lobith.ponton,"Lobith, ponton",meting,MASSFTE,ZS,"Massafractie 2,3,5-trichloorfenol in Zwevende stof t.o.v. drooggewicht in mg/kg",NVT,NVT,235TClFol,,dg,mg/kg
lobith.ponton,"Lobith, ponton",meting,MASSFTE,ZS,"Massafractie 2,3,6-trichloorfenol in Zwevende stof t.o.v. drooggewicht in mg/kg",NVT,NVT,236TClFol,,dg,mg/kg
lobith.ponton,"Lobith, ponton",meting,MASSFTE,ZS,"Massafractie 2,3-dichloorfenol in Zwevende stof t.o.v. drooggewicht in mg/kg",NVT,NVT,23DClFol,,dg,mg/kg
lobith.ponton,"Lobith, ponton",meting,MASSFTE,ZS,"Massafractie 2,4,5-trichloorfenol in Zwevende stof t.o.v. drooggewicht in mg/kg",NVT,NVT,245TClFol,,dg,mg/kg
lobith.ponton,"Lobith, ponton",meting,MASSFTE,ZS,"Massafractie 2,4,6-trichloorfenol in Zwevende stof t.o.v. drooggewicht in mg/kg",NVT,NVT,246TClFol,,dg,mg/kg
lobith.ponton,"Lobith, ponton",meting,MASSFTE,ZS,"Massafractie 2,6-dichloorfenol in Zwevende stof t.o.v. drooggewicht in mg/kg",NVT,NVT,26DClFol,,dg,mg/kg
lobith.ponton,"Lobith, ponton",meting,MASSFTE,ZS,Massafractie 2-chloorfenol in Zwevende stof t.o.v. drooggewicht in mg/kg,NVT,NVT,2ClFol,,dg,mg/kg
lobith.ponton,"Lobith, ponton",meting,MASSFTE,ZS,"Massafractie 3,4,5-trichloorfenol in Zwevende stof t.o.v. drooggewicht in mg/kg",NVT,NVT,345TClFol,,dg,mg/kg
lobith.ponton,"Lobith, ponton",meting,MASSFTE,ZS,"Massafractie 3,4-dichloorfenol in Zwevende stof t.o.v. drooggewicht in mg/kg",NVT,NVT,34DClFol,,dg,mg/kg
lobith.ponton,"Lobith, ponton",meting,MASSFTE,ZS,"Massafractie 3,5-dichloorfenol in Zwevende stof t.o.v. drooggewicht in mg/kg",NVT,NVT,35DClFol,,dg,mg/kg
lobith.ponton,"Lobith, ponton",meting,MASSFTE,ZS,Massafractie 3-chloorfenol in Zwevende stof t.o.v. drooggewicht in mg/kg,NVT,NVT,3ClFol,,dg,mg/kg
lobith.ponton,"Lobith, ponton",meting,MASSFTE,ZS,Massafractie 4-chloorfenol in Zwevende stof t.o.v. drooggewicht in mg/kg,NVT,NVT,4ClFol,,dg,mg/kg
lobith.ponton,"Lobith, ponton",meting,MASSFTE,ZS,Massafractie acenafteen in Zwevende stof t.o.v. drooggewicht in mg/kg,NVT,NVT,AcNe,,dg,mg/kg
lobith.ponton,"Lobith, ponton",meting,MASSFTE,ZS,Massafractie acenaftyleen in Zwevende stof t.o.v. drooggewicht in mg/kg,NVT,NVT,AcNy,,dg,mg/kg
lobith.ponton,"Lobith, ponton",meting,MASSFTE,ZS,Massafractie zilver in Zwevende stof t.o.v. drooggewicht in mg/kg,NVT,NVT,Ag,,dg,mg/kg
lobith.ponton,"Lobith, ponton",meting,MASSFTE,ZS,Massafractie aluminium in Zwevende stof t.o.v. drooggewicht in mg/kg,NVT,NVT,Al,,dg,mg/kg
lobith.ponton,"Lobith, ponton",meting,MASSFTE,ZS,Massafractie antraceen in Zwevende stof t.o.v. drooggewicht in mg/kg,NVT,NVT,Ant,,dg,mg/kg
lobith.ponton,"Lobith, ponton",meting,MASSFTE,ZS,Massafractie arseen in Zwevende stof t.o.v. drooggewicht in mg/kg,NVT,NVT,As,,dg,mg/kg
lobith.ponton,"Lobith, ponton",meting,MASSFTE,ZS,Massafractie boor in Zwevende stof t.o.v. drooggewicht in mg/kg,NVT,NVT,B,,dg,mg/kg
lobith.ponton,"Lobith, ponton",meting,MASSFTE,ZS,Massafractie barium in Zwevende stof t.o.v. drooggewicht in mg/kg,NVT,NVT,Ba,,dg,mg/kg
lobith.ponton,"Lobith, ponton",meting,MASSFTE,ZS,Massafractie benzo(a)antraceen in Zwevende stof t.o.v. drooggewicht in mg/kg,NVT,NVT,BaA,,dg,mg/kg
lobith.ponton,"Lobith, ponton",meting,MASSFTE,ZS,Massafractie benzo(a)pyreen in Zwevende stof t.o.v. drooggewicht in mg/kg,NVT,NVT,BaP,,dg,mg/kg
lobith.ponton,"Lobith, ponton",meting,MASSFTE,ZS,Massafractie benzo(b)fluorantheen in Zwevende stof t.o.v. drooggewicht in mg/kg,NVT,NVT,BbF,,dg,mg/kg
lobith.ponton,"Lobith, ponton",meting,MASSFTE,ZS,Massafractie beryllium in Zwevende stof t.o.v. drooggewicht in mg/kg,NVT,NVT,Be,,dg,mg/kg
lobith.ponton,"Lobith, ponton",meting,MASSFTE,ZS,Massafractie benzo(e)pyreen in Zwevende stof t.o.v. drooggewicht in mg/kg,NVT,NVT,BeP,,dg,mg/kg
lobith.ponton,"Lobith, ponton",meting,MASSFTE,ZS,Massafractie benzo(ghi)peryleen in Zwevende stof t.o.v. drooggewicht in mg/kg,NVT,NVT,BghiPe,,dg,mg/kg
lobith.ponton,"Lobith, ponton",meting,MASSFTE,ZS,Massafractie bismut in Zwevende stof t.o.v. drooggewicht in mg/kg,NVT,NVT,Bi,,dg,mg/kg
lobith.ponton,"Lobith, ponton",meting,MASSFTE,ZS,Massafractie benzo(k)fluorantheen in Zwevende stof t.o.v. drooggewicht in mg/kg,NVT,NVT,BkF,,dg,mg/kg
lobith.ponton,"Lobith, ponton",meting,MASSFTE,ZS,Massafractie cadmium in Zwevende stof t.o.v. drooggewicht in mg/kg,NVT,NVT,Cd,,dg,mg/kg
lobith.ponton,"Lobith, ponton",meting,MASSFTE,ZS,Massafractie cerium in Zwevende stof t.o.v. drooggewicht in mg/kg,NVT,NVT,Ce,,dg,mg/kg
lobith.ponton,"Lobith, ponton",meting,MASSFTE,ZS,Massafractie chryseen in Zwevende stof t.o.v. drooggewicht in mg/kg,NVT,NVT,Chr,,dg,mg/kg
lobith.ponton,"Lobith, ponton",meting,MASSFTE,ZS,Massafractie kobalt in Zwevende stof t.o.v. drooggewicht in mg/kg,NVT,NVT,Co,,dg,mg/kg
lobith.ponton,"Lobith, ponton",meting,MASSFTE,ZS,Massafractie chroom in Zwevende stof t.o.v. drooggewicht in mg/kg,NVT,NVT,Cr,,dg,mg/kg
lobith.ponton,"Lobith, ponton",meting,MASSFTE,ZS,Massafractie cesium in Zwevende stof t.o.v. drooggewicht in mg/kg,NVT,NVT,Cs,,dg,mg/kg
lobith.ponton,"Lobith, ponton",meting,MASSFTE,ZS,Massafractie koper in Zwevende stof t.o.v. drooggewicht in mg/kg,NVT,NVT,Cu,,dg,mg/kg
lobith.ponton,"Lobith, ponton",meting,MASSFTE,ZS,"Massafractie dibenzo(a,h)antraceen in Zwevende stof t.o.v. drooggewicht in mg/kg",NVT,NVT,DBahAnt,,dg,mg/kg
lobith.ponton,"Lobith, ponton",meting,MASSFTE,ZS,Massafractie dysprosium in Zwevende stof t.o.v. drooggewicht in mg/kg,NVT,NVT,Dy,,dg,mg/kg
lobith.ponton,"Lobith, ponton",meting,MASSFTE,ZS,Massafractie erbium in Zwevende stof t.o.v. drooggewicht in mg/kg,NVT,NVT,Er,,dg,mg/kg
lobith.ponton,"Lobith, ponton",meting,MASSFTE,ZS,Massafractie europium in Zwevende stof t.o.v. drooggewicht in mg/kg,NVT,NVT,Eu,,dg,mg/kg
lobith.ponton,"Lobith, ponton",meting,MASSFTE,ZS,Massafractie fenantreen in Zwevende stof t.o.v. drooggewicht in mg/kg,NVT,NVT,Fen,,dg,mg/kg
lobith.ponton,"Lobith, ponton",meting,MASSFTE,ZS,Massafractie fluoreen in Zwevende stof t.o.v. drooggewicht in mg/kg,NVT,NVT,Fle,,dg,mg/kg
lobith.ponton,"Lobith, ponton",meting,MASSFTE,ZS,Massafractie fluorantheen in Zwevende stof t.o.v. drooggewicht in mg/kg,NVT,NVT,Flu,,dg,mg/kg
lobith.ponton,"Lobith, ponton",meting,MASSFTE,ZS,Massafractie gallium in Zwevende stof t.o.v. drooggewicht in mg/kg,NVT,NVT,Ga,,dg,mg/kg
lobith.ponton,"Lobith, ponton",meting,MASSFTE,ZS,Massafractie gadolinium in Zwevende stof t.o.v. drooggewicht in mg/kg,NVT,NVT,Gd,,dg,mg/kg
lobith.ponton,"Lobith, ponton",meting,MASSFTE,ZS,Massafractie germanium in Zwevende stof t.o.v. drooggewicht in mg/kg,NVT,NVT,Ge,,dg,mg/kg
lobith.ponton,"Lobith, ponton",meting,MASSFTE,ZS,Massafractie hafnium in Zwevende stof t.o.v. drooggewicht in mg/kg,NVT,NVT,Hf,,dg,mg/kg
lobith.ponton,"Lobith, ponton",meting,MASSFTE,ZS,Massafractie kwik in Zwevende stof t.o.v. drooggewicht in mg/kg,NVT,NVT,Hg,,dg,mg/kg
lobith.ponton,"Lobith, ponton",meting,MASSFTE,ZS,Massafractie holmium in Zwevende stof t.o.v. drooggewicht in mg/kg,NVT,NVT,Ho,,dg,mg/kg
lobith.ponton,"Lobith, ponton",meting,MASSFTE,ZS,"Massafractie indeno(1,2,3-cd)pyreen in Zwevende stof t.o.v. drooggewicht in mg/kg",NVT,NVT,InP,,dg,mg/kg
lobith.ponton,"Lobith, ponton",meting,MASSFTE,ZS,Massafractie lanthaan in Zwevende stof t.o.v. drooggewicht in mg/kg,NVT,NVT,La,,dg,mg/kg
lobith.ponton,"Lobith, ponton",meting,MASSFTE,ZS,Massafractie lithium in Zwevende stof t.o.v. drooggewicht in mg/kg,NVT,NVT,Li,,dg,mg/kg
lobith.ponton,"Lobith, ponton",meting,MASSFTE,ZS,Massafractie lutetium in Zwevende stof t.o.v. drooggewicht in mg/kg,NVT,NVT,Lu,,dg,mg/kg
lobith.ponton,"Lobith, ponton",meting,MASSFTE,ZS,Massafractie minerale olie in Zwevende stof t.o.v. drooggewicht in mg/kg,NVT,NVT,minrlole,,dg,mg/kg
lobith.ponton,"Lobith, ponton",meting,MASSFTE,ZS,Massafractie mangaan in Zwevende stof t.o.v. drooggewicht in mg/kg,NVT,NVT,Mn,,dg,mg/kg
lobith.ponton,"Lobith, ponton",meting,MASSFTE,ZS,Massafractie molybdeen in Zwevende stof t.o.v. drooggewicht in mg/kg,NVT,NVT,Mo,,dg,mg/kg
lobith.ponton,"Lobith, ponton",meting,MASSFTE,ZS,Massafractie naftaleen in Zwevende stof t.o.v. drooggewicht in mg/kg,NVT,NVT,Naf,,dg,mg/kg
lobith.ponton,"Lobith, ponton",meting,MASSFTE,ZS,Massafractie niobium in Zwevende stof t.o.v. drooggewicht in mg/kg,NVT,NVT,Nb,,dg,mg/kg
lobith.ponton,"Lobith, ponton",meting,MASSFTE,ZS,Massafractie neodymium in Zwevende stof t.o.v. drooggewicht in mg/kg,NVT,NVT,Nd,,dg,mg/kg
lobith.ponton,"Lobith, ponton",meting,MASSFTE,ZS,Massafractie nikkel in Zwevende stof t.o.v. drooggewicht in mg/kg,NVT,NVT,Ni,,dg,mg/kg
lobith.ponton,"Lobith, ponton",meting,MASSFTE,ZS,Massafractie stikstof totaal in Zwevende stof t.o.v. drooggewicht in mg/kg,NVT,NVT,Ntot,,dg,mg/kg
lobith.ponton,"Lobith, ponton",meting,MASSFTE,ZS,Massafractie lood in Zwevende stof t.o.v. drooggewicht in mg/kg,NVT,NVT,Pb,,dg,mg/kg
lobith.ponton,"Lobith, ponton",meting,MASSFTE,ZS,Massafractie praseodymium in Zwevende stof t.o.v. drooggewicht in mg/kg,NVT,NVT,Pr,,dg,mg/kg
lobith.ponton,"Lobith, ponton",meting,MASSFTE,ZS,Massafractie pyreen in Zwevende stof t.o.v. drooggewicht in mg/kg,NVT,NVT,Pyr,,dg,mg/kg
lobith.ponton,"Lobith, ponton",meting,MASSFTE,ZS,Massafractie rubidium in Zwevende stof t.o.v. drooggewicht in mg/kg,NVT,NVT,Rb,,dg,mg/kg
lobith.ponton,"Lobith, ponton",meting,MASSFTE,ZS,"Massafractie som 2,3,4,6- en 2,3,5,6-tetrachloorfenol in Zwevende stof t.o.v. drooggewicht in mg/kg",NVT,NVT,s23x6T4ClFol,,dg,mg/kg
lobith.ponton,"Lobith, ponton",meting,MASSFTE,ZS,"Massafractie som 2,4- en 2,5-dichloorfenol in Zwevende stof t.o.v. drooggewicht in mg/kg",NVT,NVT,s2425DClFol,,dg,mg/kg
lobith.ponton,"Lobith, ponton",meting,MASSFTE,ZS,Massafractie antimoon in Zwevende stof t.o.v. drooggewicht in mg/kg,NVT,NVT,Sb,,dg,mg/kg
lobith.ponton,"Lobith, ponton",meting,MASSFTE,ZS,Massafractie scandium in Zwevende stof t.o.v. drooggewicht in mg/kg,NVT,NVT,Sc,,dg,mg/kg
lobith.ponton,"Lobith, ponton",meting,MASSFTE,ZS,Massafractie seleen in Zwevende stof t.o.v. drooggewicht in mg/kg,NVT,NVT,Se,,dg,mg/kg
lobith.ponton,"Lobith, ponton",meting,MASSFTE,ZS,Massafractie samarium in Zwevende stof t.o.v. drooggewicht in mg/kg,NVT,NVT,Sm,,dg,mg/kg
lobith.ponton,"Lobith, ponton",meting,MASSFTE,ZS,Massafractie tin in Zwevende stof t.o.v. drooggewicht in mg/kg,NVT,NVT,Sn,,dg,mg/kg
lobith.ponton,"Lobith, ponton",meting,MASSFTE,ZS,Massafractie som 6 polycyclische aromatische koolwaterstoffen (Borneff) in Zwevende stof t.o.v. drooggewicht in mg/kg,NVT,NVT,sPAK6,,dg,mg/kg
lobith.ponton,"Lobith, ponton",meting,MASSFTE,ZS,Massafractie strontium in Zwevende stof t.o.v. drooggewicht in mg/kg,NVT,NVT,Sr,,dg,mg/kg
lobith.ponton,"Lobith, ponton",meting,MASSFTE,ZS,Massafractie zwavel totaal in Zwevende stof t.o.v. drooggewicht in mg/kg,NVT,NVT,Stot,,dg,mg/kg
lobith.ponton,"Lobith, ponton",meting,MASSFTE,ZS,Massafractie tantalium in Zwevende stof t.o.v. drooggewicht in mg/kg,NVT,NVT,Ta,,dg,mg/kg
lobith.ponton,"Lobith, ponton",meting,MASSFTE,ZS,Massafractie terbium in Zwevende stof t.o.v. drooggewicht in mg/kg,NVT,NVT,Tb,,dg,mg/kg
lobith.ponton,"Lobith, ponton",meting,MASSFTE,ZS,Massafractie tellurium in Zwevende stof t.o.v. drooggewicht in mg/kg,NVT,NVT,Te,,dg,mg/kg
lobith.ponton,"Lobith, ponton",meting,MASSFTE,ZS,Massafractie thorium in Zwevende stof t.o.v. drooggewicht in mg/kg,NVT,NVT,Th,,dg,mg/kg
lobith.ponton,"Lobith, ponton",meting,MASSFTE,ZS,Massafractie thallium in Zwevende stof t.o.v. drooggewicht in mg/kg,NVT,NVT,Tl,,dg,mg/kg
lobith.ponton,"Lobith, ponton",meting,MASSFTE,ZS,Massafractie thulium in Zwevende stof t.o.v. drooggewicht in mg/kg,NVT,NVT,Tm,,dg,mg/kg
lobith.ponton,"Lobith, ponton",meting,MASSFTE,ZS,Massafractie uranium in Zwevende stof t.o.v. drooggewicht in mg/kg,NVT,NVT,U,,dg,mg/kg
lobith.ponton,"Lobith, ponton",meting,MASSFTE,ZS,Massafractie vanadium in Zwevende stof t.o.v. drooggewicht in mg/kg,NVT,NVT,V,,dg,mg/kg
lobith.ponton,"Lobith, ponton",meting,MASSFTE,ZS,Massafractie wolfraam in Zwevende stof t.o.v. drooggewicht in mg/kg,NVT,NVT,W,,dg,mg/kg
lobith.ponton,"Lobith, ponton",meting,MASSFTE,ZS,Massafractie yttrium in Zwevende stof t.o.v. drooggewicht in mg/kg,NVT,NVT,Y,,dg,mg/kg
lobith.ponton,"Lobith, ponton",meting,MASSFTE,ZS,Massafractie ytterbium in Zwevende stof t.o.v. drooggewicht in mg/kg,NVT,NVT,Yb,,dg,mg/kg
lobith.ponton,"Lobith, ponton",meting,MASSFTE,ZS,Massafractie zink in Zwevende stof t.o.v. drooggewicht in mg/kg,NVT,NVT,Zn,,dg,mg/kg
lobith.ponton,"Lobith, ponton",meting,MASSFTE,ZS,Massafractie zirkonium in Zwevende stof t.o.v. drooggewicht in mg/kg,NVT,NVT,Zr,,dg,mg/kg
lobith.ponton,"Lobith, ponton",meting,MASSFTE,ZS,Massafractie stikstof Kjeldahl in Zwevende stof uitgedrukt in stikstof / drooggewicht in mg/kg,NVT,NVT,NKj,,Ndg,mg/kg
lobith.ponton,"Lobith, ponton",meting,MASSFTE,ZS,Massafractie som nitraat en nitriet in Zwevende stof uitgedrukt in stikstof / drooggewicht in mg/kg,NVT,NVT,sNO3NO2,,Ndg,mg/kg
lobith.ponton,"Lobith, ponton",meting,MASSFTE,ZS,Massafractie arseen in Zwevende stof in mg/kg,NVT,NVT,As,,NVT,mg/kg
lobith.ponton,"Lobith, ponton",meting,MASSFTE,ZS,Massafractie 11-chlooreicosafluor-3-oxaundecaan-1-sulfonzuur in Zwevende stof t.o.v. drooggewicht in ng/g,NVT,NVT,11ClPF3OUdS,,dg,ng/g
lobith.ponton,"Lobith, ponton",meting,MASSFTE,ZS,"Massafractie 2(6chloor-dodecafluorhexoxy)-tetrafluorethaansulfonaat,Kzout in Zwevende stof t.o.v. drooggewicht in ng/g",NVT,NVT,26ClF12C6oxT,,dg,ng/g
lobith.ponton,"Lobith, ponton",meting,MASSFTE,ZS,Massafractie 6:2 fluortelomeersulfonzuur in Zwevende stof t.o.v. drooggewicht in ng/g,NVT,NVT,2PFC6yC2a1sf,,dg,ng/g
lobith.ponton,"Lobith, ponton",meting,MASSFTE,ZS,Massafractie perfluor-4-ethylcyclohexaansulfonzuur in Zwevende stof t.o.v. drooggewicht in ng/g,NVT,NVT,4-PFECHS,,dg,ng/g
lobith.ponton,"Lobith, ponton",meting,MASSFTE,ZS,Massafractie 8:2 fluortelomeer onverzadigd carbonzuur in Zwevende stof t.o.v. drooggewicht in ng/g,NVT,NVT,82FTUCA,,dg,ng/g
lobith.ponton,"Lobith, ponton",meting,MASSFTE,ZS,Massafractie 9-chloorhexadecaanfluor-3-oxanon-1-sulfonzuur in Zwevende stof t.o.v. drooggewicht in ng/g,NVT,NVT,9-Cl-PF3ONS,,dg,ng/g
lobith.ponton,"Lobith, ponton",meting,MASSFTE,ZS,"Massafractie ammonium 4,8-dioxa-3H-perfluornonanoaat in Zwevende stof t.o.v. drooggewicht in ng/g",NVT,NVT,ADONA,,dg,ng/g
lobith.ponton,"Lobith, ponton",meting,MASSFTE,ZS,Massafractie 8:2 fluortelomeer fosfaat diester in Zwevende stof t.o.v. drooggewicht in ng/g,NVT,NVT,bisPFC10yPO4,,dg,ng/g
lobith.ponton,"Lobith, ponton",meting,MASSFTE,ZS,Massafractie cis-hexadecafluor-2-deceenzuur in Zwevende stof t.o.v. drooggewicht in ng/g,NVT,NVT,cF16C10ezr,,dg,ng/g
lobith.ponton,"Lobith, ponton",meting,MASSFTE,ZS,"Massafractie 4,8-dioxa-3H-perfluornonaanzuur in Zwevende stof t.o.v. drooggewicht in ng/g",NVT,NVT,DONA,,dg,ng/g
lobith.ponton,"Lobith, ponton",meting,MASSFTE,ZS,Massafractie N-ethyl perfluoroctaansulfonamide in Zwevende stof t.o.v. drooggewicht in ng/g,NVT,NVT,EtFOSA,,dg,ng/g
lobith.ponton,"Lobith, ponton",meting,MASSFTE,ZS,Massafractie N-ethyl-perfluoroctaan sulfonamidoazijnzuur in Zwevende stof t.o.v. drooggewicht in ng/g,NVT,NVT,EtFOSAA,,dg,ng/g
lobith.ponton,"Lobith, ponton",meting,MASSFTE,ZS,Massafractie N-ethyl-perfluoroctaan sulfonamidoethanol in Zwevende stof t.o.v. drooggewicht in ng/g,NVT,NVT,EtFOSE,,dg,ng/g
lobith.ponton,"Lobith, ponton",meting,MASSFTE,ZS,"Massafractie 2,2-Difluor-2-[{2,2,4,5-tetrafluor-5-(trifluormethoxy)-1,3-dioxolan-4-yl}oxy]azijnzuur in Zwevende stof t.o.v. drooggewicht in ng/g",NVT,NVT,FC1oxOaEsrO,,dg,ng/g
lobith.ponton,"Lobith, ponton",meting,MASSFTE,ZS,"Massafractie ammonium 2,3,3,3-tetrafluor-2-(heptafluorpropoxy)-propanoaat in Zwevende stof t.o.v. drooggewicht in ng/g",NVT,NVT,FRD-902,,dg,ng/g
lobith.ponton,"Lobith, ponton",meting,MASSFTE,ZS,Massafractie perfluor-2-propoxypropaanzuur in Zwevende stof t.o.v. drooggewicht in ng/g,NVT,NVT,FRD-903,,dg,ng/g
lobith.ponton,"Lobith, ponton",meting,MASSFTE,ZS,Massafractie 8:2 fluortelomeersulfonzuur in Zwevende stof t.o.v. drooggewicht in ng/g,NVT,NVT,H-PFC10asfzr,,dg,ng/g
lobith.ponton,"Lobith, ponton",meting,MASSFTE,ZS,Massafractie 10:2 fluortelomeersulfonzuur in Zwevende stof t.o.v. drooggewicht in ng/g,NVT,NVT,H-PFC12asfzr,,dg,ng/g
lobith.ponton,"Lobith, ponton",meting,MASSFTE,ZS,Massafractie 4:2 fluortelomeersulfonzuur in Zwevende stof t.o.v. drooggewicht in ng/g,NVT,NVT,H-PFC6asfzr,,dg,ng/g
lobith.ponton,"Lobith, ponton",meting,MASSFTE,ZS,Massafractie 7H-perfluorheptaanzuur in Zwevende stof t.o.v. drooggewicht in ng/g,NVT,NVT,HPFHpA,,dg,ng/g
lobith.ponton,"Lobith, ponton",meting,MASSFTE,ZS,Massafractie 8:3 fluortelomeer carbonzuur in Zwevende stof t.o.v. drooggewicht in ng/g,NVT,NVT,H-PFUdA,,dg,ng/g
lobith.ponton,"Lobith, ponton",meting,MASSFTE,ZS,Massafractie perfluorbutaansulfonzuur in Zwevende stof t.o.v. drooggewicht in ng/g,NVT,NVT,L_PFBS,,dg,ng/g
lobith.ponton,"Lobith, ponton",meting,MASSFTE,ZS,Massafractie perfluordecaansulfonzuur in Zwevende stof t.o.v. drooggewicht in ng/g,NVT,NVT,L_PFDS,,dg,ng/g
lobith.ponton,"Lobith, ponton",meting,MASSFTE,ZS,Massafractie perfluorheptaansulfonzuur in Zwevende stof t.o.v. drooggewicht in ng/g,NVT,NVT,L_PFHpS,,dg,ng/g
lobith.ponton,"Lobith, ponton",meting,MASSFTE,ZS,Massafractie perfluorhexaansulfonzuur in Zwevende stof t.o.v. drooggewicht in ng/g,NVT,NVT,L_PFHxS,,dg,ng/g
lobith.ponton,"Lobith, ponton",meting,MASSFTE,ZS,Massafractie perfluor-1-octaansulfonaat (lineair) in Zwevende stof t.o.v. drooggewicht in ng/g,NVT,NVT,L_PFOS,,dg,ng/g
lobith.ponton,"Lobith, ponton",meting,MASSFTE,ZS,Massafractie N-methyl-perfluorbutaan sulfonamidoazijnzuur in Zwevende stof t.o.v. drooggewicht in ng/g,NVT,NVT,MeFBSAA,,dg,ng/g
lobith.ponton,"Lobith, ponton",meting,MASSFTE,ZS,Massafractie N-methyl perfluoroctaansulfonamide in Zwevende stof t.o.v. drooggewicht in ng/g,NVT,NVT,MeFOSA,,dg,ng/g
lobith.ponton,"Lobith, ponton",meting,MASSFTE,ZS,Massafractie N-methyl-perfluoroctaan sulfonamidoethanol in Zwevende stof t.o.v. drooggewicht in ng/g,NVT,NVT,MeFOSE,,dg,ng/g
lobith.ponton,"Lobith, ponton",meting,MASSFTE,ZS,Massafractie N-methylperfluorbutaansulfonamide in Zwevende stof t.o.v. drooggewicht in ng/g,NVT,NVT,NC1yPFC4asfA,,dg,ng/g
lobith.ponton,"Lobith, ponton",meting,MASSFTE,ZS,Massafractie N-methyl-perfluoroctaan sulfonamidoazijnzuur in Zwevende stof t.o.v. drooggewicht in ng/g,NVT,NVT,N-MeFOSAA,,dg,ng/g
lobith.ponton,"Lobith, ponton",meting,MASSFTE,ZS,"Massafractie perfluor-3,7-dimethyloctaanzuur in Zwevende stof t.o.v. drooggewicht in ng/g",NVT,NVT,PF37DC1yOA,,dg,ng/g
lobith.ponton,"Lobith, ponton",meting,MASSFTE,ZS,Massafractie perfluorbutaanzuur in Zwevende stof t.o.v. drooggewicht in ng/g,NVT,NVT,PFBA,,dg,ng/g
lobith.ponton,"Lobith, ponton",meting,MASSFTE,ZS,Massafractie perfluorhexadecaanzuur in Zwevende stof t.o.v. drooggewicht in ng/g,NVT,NVT,PFC16azr,,dg,ng/g
lobith.ponton,"Lobith, ponton",meting,MASSFTE,ZS,Massafractie perfluoroctadecaanzuur in Zwevende stof t.o.v. drooggewicht in ng/g,NVT,NVT,PFC18azr,,dg,ng/g
lobith.ponton,"Lobith, ponton",meting,MASSFTE,ZS,Massafractie perfluorbutaansulfonamide in Zwevende stof t.o.v. drooggewicht in ng/g,NVT,NVT,PFC4asfAd,,dg,ng/g
lobith.ponton,"Lobith, ponton",meting,MASSFTE,ZS,Massafractie perfluorpentaansulfonzuur in Zwevende stof t.o.v. drooggewicht in ng/g,NVT,NVT,PFC5asfzr,,dg,ng/g
lobith.ponton,"Lobith, ponton",meting,MASSFTE,ZS,Massafractie perfluornonaansulfonzuur in Zwevende stof t.o.v. drooggewicht in ng/g,NVT,NVT,PFC9asfzr,,dg,ng/g
lobith.ponton,"Lobith, ponton",meting,MASSFTE,ZS,Massafractie perfluordecaanzuur in Zwevende stof t.o.v. drooggewicht in ng/g,NVT,NVT,PFDA,,dg,ng/g
lobith.ponton,"Lobith, ponton",meting,MASSFTE,ZS,"Massafractie perfluor-3,6-dioxaheptaanzuur in Zwevende stof t.o.v. drooggewicht in ng/g",NVT,NVT,PFDHpA,,dg,ng/g
lobith.ponton,"Lobith, ponton",meting,MASSFTE,ZS,Massafractie perfluordodecaanzuur in Zwevende stof t.o.v. drooggewicht in ng/g,NVT,NVT,PFDoA,,dg,ng/g
lobith.ponton,"Lobith, ponton",meting,MASSFTE,ZS,Massafractie perfluordodecaansulfonzuur in Zwevende stof t.o.v. drooggewicht in ng/g,NVT,NVT,PFDoAS,,dg,ng/g
lobith.ponton,"Lobith, ponton",meting,MASSFTE,ZS,Massafractie perfluor(2-ethoxyethaan)sulfonzuur in Zwevende stof t.o.v. drooggewicht in ng/g,NVT,NVT,PFEES,,dg,ng/g
lobith.ponton,"Lobith, ponton",meting,MASSFTE,ZS,Massafractie perfluorheptaanzuur in Zwevende stof t.o.v. drooggewicht in ng/g,NVT,NVT,PFHpA,,dg,ng/g
lobith.ponton,"Lobith, ponton",meting,MASSFTE,ZS,Massafractie perfluorhexaanzuur in Zwevende stof t.o.v. drooggewicht in ng/g,NVT,NVT,PFHxA,,dg,ng/g
lobith.ponton,"Lobith, ponton",meting,MASSFTE,ZS,Massafractie perfluorhexaansulfonamide in Zwevende stof t.o.v. drooggewicht in ng/g,NVT,NVT,PFHxSA,,dg,ng/g
lobith.ponton,"Lobith, ponton",meting,MASSFTE,ZS,Massafractie perfluor-4-methoxybutaanzuur in Zwevende stof t.o.v. drooggewicht in ng/g,NVT,NVT,PFMBA,,dg,ng/g
lobith.ponton,"Lobith, ponton",meting,MASSFTE,ZS,Massafractie perfluor-3-methoxypropaanzuur in Zwevende stof t.o.v. drooggewicht in ng/g,NVT,NVT,PFMPrA,,dg,ng/g
lobith.ponton,"Lobith, ponton",meting,MASSFTE,ZS,Massafractie perfluornonaanzuur in Zwevende stof t.o.v. drooggewicht in ng/g,NVT,NVT,PFNA,,dg,ng/g
lobith.ponton,"Lobith, ponton",meting,MASSFTE,ZS,Massafractie perfluoroctaanzuur in Zwevende stof t.o.v. drooggewicht in ng/g,NVT,NVT,PFOA,,dg,ng/g
lobith.ponton,"Lobith, ponton",meting,MASSFTE,ZS,Massafractie perfluoroctaansulfonzuur in Zwevende stof t.o.v. drooggewicht in ng/g,NVT,NVT,PFOS,,dg,ng/g
lobith.ponton,"Lobith, ponton",meting,MASSFTE,ZS,Massafractie perfluoroctaansulfonamide in Zwevende stof t.o.v. drooggewicht in ng/g,NVT,NVT,PFOSA,,dg,ng/g
lobith.ponton,"Lobith, ponton",meting,MASSFTE,ZS,Massafractie perfluorpentaanzuur in Zwevende stof t.o.v. drooggewicht in ng/g,NVT,NVT,PFPA,,dg,ng/g
lobith.ponton,"Lobith, ponton",meting,MASSFTE,ZS,Massafractie perfluortridecaanzuur in Zwevende stof t.o.v. drooggewicht in ng/g,NVT,NVT,PFTDA,,dg,ng/g
lobith.ponton,"Lobith, ponton",meting,MASSFTE,ZS,Massafractie perfluortetradecaanzuur in Zwevende stof t.o.v. drooggewicht in ng/g,NVT,NVT,PFTeDA,,dg,ng/g
lobith.ponton,"Lobith, ponton",meting,MASSFTE,ZS,Massafractie perfluorundecaanzuur in Zwevende stof t.o.v. drooggewicht in ng/g,NVT,NVT,PFUdA,,dg,ng/g
lobith.ponton,"Lobith, ponton",meting,MASSFTE,ZS,Massafractie perfluorundecaansulfonzuur in Zwevende stof t.o.v. drooggewicht in ng/g,NVT,NVT,PFUdAS,,dg,ng/g
lobith.ponton,"Lobith, ponton",meting,MASSFTE,ZS,Massafractie Som hexadecafluor-2-deceenzuur-isomeren  in Zwevende stof t.o.v. drooggewicht in ng/g,NVT,NVT,sF16C10ezr,,dg,ng/g
lobith.ponton,"Lobith, ponton",meting,MASSFTE,ZS,Massafractie som lineair en vertakte perfluoroctaanzuur in Zwevende stof t.o.v. drooggewicht in ng/g,NVT,NVT,slinvertPFOA,,dg,ng/g
lobith.ponton,"Lobith, ponton",meting,MASSFTE,ZS,Massafractie som lineair en vertakte perfluoroctaansulfonzuur in Zwevende stof t.o.v. drooggewicht in ng/g,NVT,NVT,slinvertPFOS,,dg,ng/g
lobith.ponton,"Lobith, ponton",meting,MASSFTE,ZS,Massafractie som vertakte perfluorhexaansulfonzuur-isomeren in Zwevende stof t.o.v. drooggewicht in ng/g,NVT,NVT,sverttPFHxS,,dg,ng/g
lobith.ponton,"Lobith, ponton",meting,MASSFTE,ZS,Massafractie som vertakte perfluoroctaanzuur-isomeren in Zwevende stof t.o.v. drooggewicht in ng/g,NVT,NVT,sverttPFOA,,dg,ng/g
lobith.ponton,"Lobith, ponton",meting,MASSFTE,ZS,Massafractie som vertakte perfluoroctaansulfonzuur-isomeren in Zwevende stof t.o.v. drooggewicht in ng/g,NVT,NVT,sverttPFOS,,dg,ng/g
lobith.ponton,"Lobith, ponton",meting,MASSFTE,OE,"Massafractie 3,3',4,4',5-pentachloorbifenyl in Organisme (biota) t.o.v. natgewicht in Rutilus rutilus ng/kg",NVT,NVT,PCB126,,ng,ng/kg
lobith.ponton,"Lobith, ponton",meting,MASSFTE,OE,"Massafractie 3,3',4,4',5,5'-hexachloorbifenyl in Organisme (biota) t.o.v. natgewicht in Rutilus rutilus ng/kg",NVT,NVT,PCB169,,ng,ng/kg
lobith.ponton,"Lobith, ponton",meting,MASSFTE,OE,"Massafractie 3,3',4,4'-tetrachloorbifenyl in Organisme (biota) t.o.v. natgewicht in Rutilus rutilus ng/kg",NVT,NVT,PCB77,,ng,ng/kg
lobith.ponton,"Lobith, ponton",meting,MASSFTE,OE,"Massafractie 3,4,4',5-tetrachlorobifenyl in Organisme (biota) t.o.v. natgewicht in Rutilus rutilus ng/kg",NVT,NVT,PCB81,,ng,ng/kg
lobith.ponton,"Lobith, ponton",meting,MASSFTE,OE,"Massafractie 2,3,7,8-tetrachloordibenzo-p-dioxine in Organisme (biota) t.o.v. natgewicht in Rutilus rutilus ng/kg",NVT,NVT,PCDD48,,ng,ng/kg
lobith.ponton,"Lobith, ponton",meting,MASSFTE,OE,"Massafractie 1,2,3,7,8-pentachloordibenzo-p-dioxine in Organisme (biota) t.o.v. natgewicht in Rutilus rutilus ng/kg",NVT,NVT,PCDD54,,ng,ng/kg
lobith.ponton,"Lobith, ponton",meting,MASSFTE,OE,"Massafractie 1,2,3,4,7,8-hexachloordibenzo-p-dioxine in Organisme (biota) t.o.v. natgewicht in Rutilus rutilus ng/kg",NVT,NVT,PCDD66,,ng,ng/kg
lobith.ponton,"Lobith, ponton",meting,MASSFTE,OE,"Massafractie 1,2,3,6,7,8-hexachloordibenzo-p-dioxine in Organisme (biota) t.o.v. natgewicht in Rutilus rutilus ng/kg",NVT,NVT,PCDD67,,ng,ng/kg
lobith.ponton,"Lobith, ponton",meting,MASSFTE,OE,"Massafractie 1,2,3,7,8,9-hexachloordibenzo-p-dioxine in Organisme (biota) t.o.v. natgewicht in Rutilus rutilus ng/kg",NVT,NVT,PCDD70,,ng,ng/kg
lobith.ponton,"Lobith, ponton",meting,MASSFTE,OE,"Massafractie 1,2,3,4,6,7,8-heptachloordibenzo-p-dioxine in Organisme (biota) t.o.v. natgewicht in Rutilus rutilus ng/kg",NVT,NVT,PCDD73,,ng,ng/kg
lobith.ponton,"Lobith, ponton",meting,MASSFTE,OE,"Massafractie 1,2,3,4,6,7,8,9-octachloordibenzo-p-dioxine in Organisme (biota) t.o.v. natgewicht in Rutilus rutilus ng/kg",NVT,NVT,PCDD75,,ng,ng/kg
lobith.ponton,"Lobith, ponton",meting,MASSFTE,OE,"Massafractie 2,3,4,7,8-pentachloordibenzofuraan in Organisme (biota) t.o.v. natgewicht in Rutilus rutilus ng/kg",NVT,NVT,PCDF114,,ng,ng/kg
lobith.ponton,"Lobith, ponton",meting,MASSFTE,OE,"Massafractie 1,2,3,4,7,8-hexachloordibenzofuraan in Organisme (biota) t.o.v. natgewicht in Rutilus rutilus ng/kg",NVT,NVT,PCDF118,,ng,ng/kg
lobith.ponton,"Lobith, ponton",meting,MASSFTE,OE,"Massafractie 1,2,3,6,7,8-hexachloordibenzofuraan in Organisme (biota) t.o.v. natgewicht in Rutilus rutilus ng/kg",NVT,NVT,PCDF121,,ng,ng/kg
lobith.ponton,"Lobith, ponton",meting,MASSFTE,OE,"Massafractie 1,2,3,7,8,9-hexachloordibenzofuraan in Organisme (biota) t.o.v. natgewicht in Rutilus rutilus ng/kg",NVT,NVT,PCDF124,,ng,ng/kg
lobith.ponton,"Lobith, ponton",meting,MASSFTE,OE,"Massafractie 2,3,4,6,7,8-hexachloordibenzofuraan in Organisme (biota) t.o.v. natgewicht in Rutilus rutilus ng/kg",NVT,NVT,PCDF130,,ng,ng/kg
lobith.ponton,"Lobith, ponton",meting,MASSFTE,OE,"Massafractie 1,2,3,4,6,7,8-heptachloordibenzofuraan in Organisme (biota) t.o.v. natgewicht in Rutilus rutilus ng/kg",NVT,NVT,PCDF131,,ng,ng/kg
lobith.ponton,"Lobith, ponton",meting,MASSFTE,OE,"Massafractie 1,2,3,4,7,8,9-heptachloordibenzofuraan in Organisme (biota) t.o.v. natgewicht in Rutilus rutilus ng/kg",NVT,NVT,PCDF134,,ng,ng/kg
lobith.ponton,"Lobith, ponton",meting,MASSFTE,OE,"Massafractie 1,2,3,4,6,7,8,9-octachloordibenzofuraan in Organisme (biota) t.o.v. natgewicht in Rutilus rutilus ng/kg",NVT,NVT,PCDF135,,ng,ng/kg
lobith.ponton,"Lobith, ponton",meting,MASSFTE,OE,"Massafractie 2,3,7,8-tetrachloordibenzofuraan in Organisme (biota) t.o.v. natgewicht in Rutilus rutilus ng/kg",NVT,NVT,PCDF83,,ng,ng/kg
lobith.ponton,"Lobith, ponton",meting,MASSFTE,OE,"Massafractie 1,2,3,7,8-pentachloordibenzofuraan in Organisme (biota) t.o.v. natgewicht in Rutilus rutilus ng/kg",NVT,NVT,PCDF94,,ng,ng/kg
lobith.ponton,"Lobith, ponton",meting,MASSFTE,OE,Massafractie som 29 dioxines en dioxineachtige verbindingen in Organisme (biota) Uitgedrukt in TEQ / Natgewicht in Rutilus rutilus ng/kg,NVT,NVT,sDOxns29,,TEQng,ng/kg
lobith.ponton,"Lobith, ponton",meting,MASSFTE,ZS,"Massafractie 2,3,7,8-tetrachloordibenzo-p-dioxine in Zwevende stof t.o.v. drooggewicht in ng/kg",NVT,NVT,PCDD48,,dg,ng/kg
lobith.ponton,"Lobith, ponton",meting,MASSFTE,ZS,"Massafractie 1,2,3,7,8-pentachloordibenzo-p-dioxine in Zwevende stof t.o.v. drooggewicht in ng/kg",NVT,NVT,PCDD54,,dg,ng/kg
lobith.ponton,"Lobith, ponton",meting,MASSFTE,ZS,"Massafractie 1,2,3,4,7,8-hexachloordibenzo-p-dioxine in Zwevende stof t.o.v. drooggewicht in ng/kg",NVT,NVT,PCDD66,,dg,ng/kg
lobith.ponton,"Lobith, ponton",meting,MASSFTE,ZS,"Massafractie 1,2,3,6,7,8-hexachloordibenzo-p-dioxine in Zwevende stof t.o.v. drooggewicht in ng/kg",NVT,NVT,PCDD67,,dg,ng/kg
lobith.ponton,"Lobith, ponton",meting,MASSFTE,ZS,"Massafractie 1,2,3,7,8,9-hexachloordibenzo-p-dioxine in Zwevende stof t.o.v. drooggewicht in ng/kg",NVT,NVT,PCDD70,,dg,ng/kg
lobith.ponton,"Lobith, ponton",meting,MASSFTE,ZS,"Massafractie 1,2,3,4,6,7,8-heptachloordibenzo-p-dioxine in Zwevende stof t.o.v. drooggewicht in ng/kg",NVT,NVT,PCDD73,,dg,ng/kg
lobith.ponton,"Lobith, ponton",meting,MASSFTE,ZS,"Massafractie 1,2,3,4,6,7,8,9-octachloordibenzo-p-dioxine in Zwevende stof t.o.v. drooggewicht in ng/kg",NVT,NVT,PCDD75,,dg,ng/kg
lobith.ponton,"Lobith, ponton",meting,MASSFTE,ZS,"Massafractie 2,3,4,7,8-pentachloordibenzofuraan in Zwevende stof t.o.v. drooggewicht in ng/kg",NVT,NVT,PCDF114,,dg,ng/kg
lobith.ponton,"Lobith, ponton",meting,MASSFTE,ZS,"Massafractie 1,2,3,6,7,8-hexachloordibenzofuraan in Zwevende stof t.o.v. drooggewicht in ng/kg",NVT,NVT,PCDF121,,dg,ng/kg
lobith.ponton,"Lobith, ponton",meting,MASSFTE,ZS,"Massafractie 1,2,3,7,8,9-hexachloordibenzofuraan in Zwevende stof t.o.v. drooggewicht in ng/kg",NVT,NVT,PCDF124,,dg,ng/kg
lobith.ponton,"Lobith, ponton",meting,MASSFTE,ZS,"Massafractie 2,3,4,6,7,8-hexachloordibenzofuraan in Zwevende stof t.o.v. drooggewicht in ng/kg",NVT,NVT,PCDF130,,dg,ng/kg
lobith.ponton,"Lobith, ponton",meting,MASSFTE,ZS,"Massafractie 1,2,3,4,6,7,8-heptachloordibenzofuraan in Zwevende stof t.o.v. drooggewicht in ng/kg",NVT,NVT,PCDF131,,dg,ng/kg
lobith.ponton,"Lobith, ponton",meting,MASSFTE,ZS,"Massafractie 1,2,3,4,7,8,9-heptachloordibenzofuraan in Zwevende stof t.o.v. drooggewicht in ng/kg",NVT,NVT,PCDF134,,dg,ng/kg
lobith.ponton,"Lobith, ponton",meting,MASSFTE,ZS,"Massafractie 1,2,3,4,6,7,8,9-octachloordibenzofuraan in Zwevende stof t.o.v. drooggewicht in ng/kg",NVT,NVT,PCDF135,,dg,ng/kg
lobith.ponton,"Lobith, ponton",meting,MASSFTE,ZS,"Massafractie 2,3,7,8-tetrachloordibenzofuraan in Zwevende stof t.o.v. drooggewicht in ng/kg",NVT,NVT,PCDF83,,dg,ng/kg
lobith.ponton,"Lobith, ponton",meting,MASSFTE,ZS,Massafractie som PCDF118 en PCDF119 in Zwevende stof t.o.v. drooggewicht in ng/kg,NVT,NVT,sPCDF118119,,dg,ng/kg
lobith.ponton,"Lobith, ponton",meting,MASSFTE,ZS,Massafractie som PCDF89 en PCDF94 in Zwevende stof t.o.v. drooggewicht in ng/kg,NVT,NVT,sPCDF9489,,dg,ng/kg
lobith.ponton,"Lobith, ponton",meting,MASSFTE,BS,"Massafractie 1,2,3,4-tetrachloorbenzeen in Bodem/Sediment t.o.v. drooggewicht in ug/kg",NVT,NVT,1234T4ClBen,,dg,ug/kg
lobith.ponton,"Lobith, ponton",meting,MASSFTE,BS,"Massafractie 1,2,3,5-tetrachloorbenzeen in Bodem/Sediment t.o.v. drooggewicht in ug/kg",NVT,NVT,1235T4ClBen,,dg,ug/kg
lobith.ponton,"Lobith, ponton",meting,MASSFTE,BS,"Massafractie 1,2,3-trichloorbenzeen in Bodem/Sediment t.o.v. drooggewicht in ug/kg",NVT,NVT,123TClBen,,dg,ug/kg
lobith.ponton,"Lobith, ponton",meting,MASSFTE,BS,"Massafractie 1,2,4,5-tetrachloorbenzeen in Bodem/Sediment t.o.v. drooggewicht in ug/kg",NVT,NVT,1245T4ClBen,,dg,ug/kg
lobith.ponton,"Lobith, ponton",meting,MASSFTE,BS,"Massafractie 1,2,4-trichloorbenzeen in Bodem/Sediment t.o.v. drooggewicht in ug/kg",NVT,NVT,124TClBen,,dg,ug/kg
lobith.ponton,"Lobith, ponton",meting,MASSFTE,BS,"Massafractie 1,2-dichloorbenzeen in Bodem/Sediment t.o.v. drooggewicht in ug/kg",NVT,NVT,12DClBen,,dg,ug/kg
lobith.ponton,"Lobith, ponton",meting,MASSFTE,BS,"Massafractie 1,3,5-trichloorbenzeen in Bodem/Sediment t.o.v. drooggewicht in ug/kg",NVT,NVT,135TClBen,,dg,ug/kg
lobith.ponton,"Lobith, ponton",meting,MASSFTE,BS,"Massafractie 1,3-dichloorbenzeen in Bodem/Sediment t.o.v. drooggewicht in ug/kg",NVT,NVT,13DClBen,,dg,ug/kg
lobith.ponton,"Lobith, ponton",meting,MASSFTE,BS,"Massafractie 1,4-dichloorbenzeen in Bodem/Sediment t.o.v. drooggewicht in ug/kg",NVT,NVT,14DClBen,,dg,ug/kg
lobith.ponton,"Lobith, ponton",meting,MASSFTE,BS,Massafractie 1-chloor-2-nitrobenzeen in Bodem/Sediment t.o.v. drooggewicht in ug/kg,NVT,NVT,1Cl2NO2Ben,,dg,ug/kg
lobith.ponton,"Lobith, ponton",meting,MASSFTE,BS,Massafractie 1-chloor-3-nitrobenzeen in Bodem/Sediment t.o.v. drooggewicht in ug/kg,NVT,NVT,1Cl3NO2Ben,,dg,ug/kg
lobith.ponton,"Lobith, ponton",meting,MASSFTE,BS,Massafractie 1-chloor-4-nitrobenzeen in Bodem/Sediment t.o.v. drooggewicht in ug/kg,NVT,NVT,1Cl4NO2Ben,,dg,ug/kg
lobith.ponton,"Lobith, ponton",meting,MASSFTE,BS,"Massafractie 2,3-dichloornitrobenzeen in Bodem/Sediment t.o.v. drooggewicht in ug/kg",NVT,NVT,23DClNO2Ben,,dg,ug/kg
lobith.ponton,"Lobith, ponton",meting,MASSFTE,BS,"Massafractie 2,4-dichloornitrobenzeen in Bodem/Sediment t.o.v. drooggewicht in ug/kg",NVT,NVT,24DClNO2Ben,,dg,ug/kg
lobith.ponton,"Lobith, ponton",meting,MASSFTE,BS,"Massafractie 2,4'-dichloordifenyldichloorethaan in Bodem/Sediment t.o.v. drooggewicht in ug/kg",NVT,NVT,24DDD,,dg,ug/kg
lobith.ponton,"Lobith, ponton",meting,MASSFTE,BS,"Massafractie 2,4'-dichloordifenyldichlooretheen in Bodem/Sediment t.o.v. drooggewicht in ug/kg",NVT,NVT,24DDE,,dg,ug/kg
lobith.ponton,"Lobith, ponton",meting,MASSFTE,BS,"Massafractie 2,4'-dichloordifenyltrichloorethaan in Bodem/Sediment t.o.v. drooggewicht in ug/kg",NVT,NVT,24DDT,,dg,ug/kg
lobith.ponton,"Lobith, ponton",meting,MASSFTE,BS,"Massafractie 2,5-dichloornitrobenzeen in Bodem/Sediment t.o.v. drooggewicht in ug/kg",NVT,NVT,25DClNO2Ben,,dg,ug/kg
lobith.ponton,"Lobith, ponton",meting,MASSFTE,BS,"Massafractie 3,4-dichloornitrobenzeen in Bodem/Sediment t.o.v. drooggewicht in ug/kg",NVT,NVT,34DClNO2Ben,,dg,ug/kg
lobith.ponton,"Lobith, ponton",meting,MASSFTE,BS,"Massafractie 4,4'-dichloordifenyldichloorethaan in Bodem/Sediment t.o.v. drooggewicht in ug/kg",NVT,NVT,44DDD,,dg,ug/kg
lobith.ponton,"Lobith, ponton",meting,MASSFTE,BS,"Massafractie 4,4'-dichloordifenyldichlooretheen in Bodem/Sediment t.o.v. drooggewicht in ug/kg",NVT,NVT,44DDE,,dg,ug/kg
lobith.ponton,"Lobith, ponton",meting,MASSFTE,BS,"Massafractie 4,4'-dichloordifenyltrichloorethaan in Bodem/Sediment t.o.v. drooggewicht in ug/kg",NVT,NVT,44DDT,,dg,ug/kg
lobith.ponton,"Lobith, ponton",meting,MASSFTE,BS,Massafractie alfa-endosulfan in Bodem/Sediment t.o.v. drooggewicht in ug/kg,NVT,NVT,aedsfn,,dg,ug/kg
lobith.ponton,"Lobith, ponton",meting,MASSFTE,BS,Massafractie alfa-hexachloorcyclohexaan in Bodem/Sediment t.o.v. drooggewicht in ug/kg,NVT,NVT,aHCH,,dg,ug/kg
lobith.ponton,"Lobith, ponton",meting,MASSFTE,BS,Massafractie aldrin in Bodem/Sediment t.o.v. drooggewicht in ug/kg,NVT,NVT,aldn,,dg,ug/kg
lobith.ponton,"Lobith, ponton",meting,MASSFTE,BS,Massafractie beta-hexachloorcyclohexaan in Bodem/Sediment t.o.v. drooggewicht in ug/kg,NVT,NVT,bHCH,,dg,ug/kg
lobith.ponton,"Lobith, ponton",meting,MASSFTE,BS,Massafractie gamma-hexachloorcyclohexaan (lindaan) in Bodem/Sediment t.o.v. drooggewicht in ug/kg,NVT,NVT,cHCH,,dg,ug/kg
lobith.ponton,"Lobith, ponton",meting,MASSFTE,BS,Massafractie cis-heptachloorepoxide in Bodem/Sediment t.o.v. drooggewicht in ug/kg,NVT,NVT,cHpClepO,,dg,ug/kg
lobith.ponton,"Lobith, ponton",meting,MASSFTE,BS,Massafractie dieldrin in Bodem/Sediment t.o.v. drooggewicht in ug/kg,NVT,NVT,dieldn,,dg,ug/kg
lobith.ponton,"Lobith, ponton",meting,MASSFTE,BS,Massafractie endrin in Bodem/Sediment t.o.v. drooggewicht in ug/kg,NVT,NVT,endn,,dg,ug/kg
lobith.ponton,"Lobith, ponton",meting,MASSFTE,BS,Massafractie hexachloorbenzeen in Bodem/Sediment t.o.v. drooggewicht in ug/kg,NVT,NVT,HCB,,dg,ug/kg
lobith.ponton,"Lobith, ponton",meting,MASSFTE,BS,Massafractie heptachloor in Bodem/Sediment t.o.v. drooggewicht in ug/kg,NVT,NVT,HpCl,,dg,ug/kg
lobith.ponton,"Lobith, ponton",meting,MASSFTE,BS,Massafractie hexachloorbutadieen in Bodem/Sediment t.o.v. drooggewicht in ug/kg,NVT,NVT,HxClbtDen,,dg,ug/kg
lobith.ponton,"Lobith, ponton",meting,MASSFTE,BS,Massafractie hexachloorethaan in Bodem/Sediment t.o.v. drooggewicht in ug/kg,NVT,NVT,HxClC2a,,dg,ug/kg
lobith.ponton,"Lobith, ponton",meting,MASSFTE,BS,Massafractie isodrin in Bodem/Sediment t.o.v. drooggewicht in ug/kg,NVT,NVT,idn,,dg,ug/kg
lobith.ponton,"Lobith, ponton",meting,MASSFTE,BS,"Massafractie 2,2',4,5,5'-pentachloorbifenyl in Bodem/Sediment t.o.v. drooggewicht in ug/kg",NVT,NVT,PCB101,,dg,ug/kg
lobith.ponton,"Lobith, ponton",meting,MASSFTE,BS,"Massafractie 2,3',4,4',5-pentachloorbifenyl in Bodem/Sediment t.o.v. drooggewicht in ug/kg",NVT,NVT,PCB118,,dg,ug/kg
lobith.ponton,"Lobith, ponton",meting,MASSFTE,BS,"Massafractie 2,2',3,4,4',5'-hexachloorbifenyl in Bodem/Sediment t.o.v. drooggewicht in ug/kg",NVT,NVT,PCB138,,dg,ug/kg
lobith.ponton,"Lobith, ponton",meting,MASSFTE,BS,"Massafractie 2,2',4,4',5,5'-hexachloorbifenyl in Bodem/Sediment t.o.v. drooggewicht in ug/kg",NVT,NVT,PCB153,,dg,ug/kg
lobith.ponton,"Lobith, ponton",meting,MASSFTE,BS,"Massafractie 2,2',3,4,4',5,5'-heptachloorbifenyl in Bodem/Sediment t.o.v. drooggewicht in ug/kg",NVT,NVT,PCB180,,dg,ug/kg
lobith.ponton,"Lobith, ponton",meting,MASSFTE,BS,"Massafractie 2,4,4'-trichloorbifenyl in Bodem/Sediment t.o.v. drooggewicht in ug/kg",NVT,NVT,PCB28,,dg,ug/kg
lobith.ponton,"Lobith, ponton",meting,MASSFTE,BS,"Massafractie 2,2',5,5'-tetrachloorbifenyl in Bodem/Sediment t.o.v. drooggewicht in ug/kg",NVT,NVT,PCB52,,dg,ug/kg
lobith.ponton,"Lobith, ponton",meting,MASSFTE,BS,Massafractie pentachloorbenzeen in Bodem/Sediment t.o.v. drooggewicht in ug/kg,NVT,NVT,PeClBen,,dg,ug/kg
lobith.ponton,"Lobith, ponton",meting,MASSFTE,BS,Massafractie pentachloorfenol in Bodem/Sediment t.o.v. drooggewicht in ug/kg,NVT,NVT,PeClFol,,dg,ug/kg
lobith.ponton,"Lobith, ponton",meting,MASSFTE,BS,"Massafractie som 1,2- en 1,4-dichloorbenzeen in Bodem/Sediment t.o.v. drooggewicht in ug/kg",NVT,NVT,s1214DClBen,,dg,ug/kg
lobith.ponton,"Lobith, ponton",meting,MASSFTE,BS,"Massafractie som 2,3-, 2,4-, 2,5- en 3,4-dichloornitrobenzeen in Bodem/Sediment t.o.v. drooggewicht in ug/kg",NVT,NVT,sDClNO2Ben4,,dg,ug/kg
lobith.ponton,"Lobith, ponton",meting,MASSFTE,BS,Massafractie som tetrachloorbenzeen-isomeren in Bodem/Sediment t.o.v. drooggewicht in ug/kg,NVT,NVT,sT4ClBen,,dg,ug/kg
lobith.ponton,"Lobith, ponton",meting,MASSFTE,BS,Massafractie trichloorbenzeen in Bodem/Sediment t.o.v. drooggewicht in ug/kg,NVT,NVT,TClBen,,dg,ug/kg
lobith.ponton,"Lobith, ponton",meting,MASSFTE,BS,Massafractie telodrin in Bodem/Sediment t.o.v. drooggewicht in ug/kg,NVT,NVT,teldn,,dg,ug/kg
lobith.ponton,"Lobith, ponton",meting,MASSFTE,OE,"Massafractie 1,2,3,4-tetrachloorbenzeen in Organisme (biota) t.o.v. natgewicht in Vlees Anguilla anguilla ug/kg",NVT,NVT,1234T4ClBen,,ng,ug/kg
lobith.ponton,"Lobith, ponton",meting,MASSFTE,OE,"Massafractie 1,2,3,5-tetrachloorbenzeen in Organisme (biota) t.o.v. natgewicht in Vlees Anguilla anguilla ug/kg",NVT,NVT,1235T4ClBen,,ng,ug/kg
lobith.ponton,"Lobith, ponton",meting,MASSFTE,OE,"Massafractie 1,2,3-trichloorbenzeen in Organisme (biota) t.o.v. natgewicht in Vlees Anguilla anguilla ug/kg",NVT,NVT,123TClBen,,ng,ug/kg
lobith.ponton,"Lobith, ponton",meting,MASSFTE,OE,"Massafractie 1,2,4,5-tetrachloorbenzeen in Organisme (biota) t.o.v. natgewicht in Vlees Anguilla anguilla ug/kg",NVT,NVT,1245T4ClBen,,ng,ug/kg
lobith.ponton,"Lobith, ponton",meting,MASSFTE,OE,"Massafractie 1,2,4-trichloorbenzeen in Organisme (biota) t.o.v. natgewicht in Vlees Anguilla anguilla ug/kg",NVT,NVT,124TClBen,,ng,ug/kg
lobith.ponton,"Lobith, ponton",meting,MASSFTE,OE,"Massafractie 1,3,5-trichloorbenzeen in Organisme (biota) t.o.v. natgewicht in Vlees Anguilla anguilla ug/kg",NVT,NVT,135TClBen,,ng,ug/kg
lobith.ponton,"Lobith, ponton",meting,MASSFTE,OE,"Massafractie 4,4'-dichloordifenyldichloorethaan in Organisme (biota) t.o.v. natgewicht in Vlees Anguilla anguilla ug/kg",NVT,NVT,44DDD,,ng,ug/kg
lobith.ponton,"Lobith, ponton",meting,MASSFTE,OE,"Massafractie 4,4'-dichloordifenyldichlooretheen in Organisme (biota) t.o.v. natgewicht in Vlees Anguilla anguilla ug/kg",NVT,NVT,44DDE,,ng,ug/kg
lobith.ponton,"Lobith, ponton",meting,MASSFTE,OE,"Massafractie 4,4'-dichloordifenyltrichloorethaan in Organisme (biota) t.o.v. natgewicht in Vlees Anguilla anguilla ug/kg",NVT,NVT,44DDT,,ng,ug/kg
lobith.ponton,"Lobith, ponton",meting,MASSFTE,OE,Massafractie 6:2 fluortelomeer alcohol in Organisme (biota) t.o.v. natgewicht in Rutilus rutilus ug/kg,NVT,NVT,62FTOH,,ng,ug/kg
lobith.ponton,"Lobith, ponton",meting,MASSFTE,OE,Massafractie 8:2 fluortelomeer alcohol in Organisme (biota) t.o.v. natgewicht in Rutilus rutilus ug/kg,NVT,NVT,82FTOH,,ng,ug/kg
lobith.ponton,"Lobith, ponton",meting,MASSFTE,OE,Massafractie acenafteen in Organisme (biota) t.o.v. natgewicht in Vlees Dreissena bugensis ug/kg,NVT,NVT,AcNe,,ng,ug/kg
lobith.ponton,"Lobith, ponton",meting,MASSFTE,OE,Massafractie acenafteen in Organisme (biota) t.o.v. natgewicht in Vlees Dreissena polymorpha ug/kg,NVT,NVT,AcNe,,ng,ug/kg
lobith.ponton,"Lobith, ponton",meting,MASSFTE,OE,"Massafractie ammonium 4,8-dioxa-3H-perfluornonanoaat in Organisme (biota) t.o.v. natgewicht in Rutilus rutilus ug/kg",NVT,NVT,ADONA,,ng,ug/kg
lobith.ponton,"Lobith, ponton",meting,MASSFTE,OE,Massafractie alfa-endosulfan in Organisme (biota) t.o.v. natgewicht in Vlees Anguilla anguilla ug/kg,NVT,NVT,aedsfn,,ng,ug/kg
lobith.ponton,"Lobith, ponton",meting,MASSFTE,OE,Massafractie alfa-hexachloorcyclohexaan in Organisme (biota) t.o.v. natgewicht in Vlees Anguilla anguilla ug/kg,NVT,NVT,aHCH,,ng,ug/kg
lobith.ponton,"Lobith, ponton",meting,MASSFTE,OE,Massafractie antraceen in Organisme (biota) t.o.v. natgewicht in Vlees Dreissena bugensis ug/kg,NVT,NVT,Ant,,ng,ug/kg
lobith.ponton,"Lobith, ponton",meting,MASSFTE,OE,Massafractie antraceen in Organisme (biota) t.o.v. natgewicht in Vlees Dreissena polymorpha ug/kg,NVT,NVT,Ant,,ng,ug/kg
lobith.ponton,"Lobith, ponton",meting,MASSFTE,OE,Massafractie benzo(a)antraceen in Organisme (biota) t.o.v. natgewicht in Vlees Dreissena bugensis ug/kg,NVT,NVT,BaA,,ng,ug/kg
lobith.ponton,"Lobith, ponton",meting,MASSFTE,OE,Massafractie benzo(a)antraceen in Organisme (biota) t.o.v. natgewicht in Vlees Dreissena polymorpha ug/kg,NVT,NVT,BaA,,ng,ug/kg
lobith.ponton,"Lobith, ponton",meting,MASSFTE,OE,Massafractie benzo(a)pyreen in Organisme (biota) t.o.v. natgewicht in Vlees Dreissena bugensis ug/kg,NVT,NVT,BaP,,ng,ug/kg
lobith.ponton,"Lobith, ponton",meting,MASSFTE,OE,Massafractie benzo(a)pyreen in Organisme (biota) t.o.v. natgewicht in Vlees Dreissena polymorpha ug/kg,NVT,NVT,BaP,,ng,ug/kg
lobith.ponton,"Lobith, ponton",meting,MASSFTE,OE,Massafractie benzo(b)fluorantheen in Organisme (biota) t.o.v. natgewicht in Vlees Dreissena bugensis ug/kg,NVT,NVT,BbF,,ng,ug/kg
lobith.ponton,"Lobith, ponton",meting,MASSFTE,OE,Massafractie benzo(b)fluorantheen in Organisme (biota) t.o.v. natgewicht in Vlees Dreissena polymorpha ug/kg,NVT,NVT,BbF,,ng,ug/kg
lobith.ponton,"Lobith, ponton",meting,MASSFTE,OE,Massafractie beta-endosulfan in Organisme (biota) t.o.v. natgewicht in Vlees Anguilla anguilla ug/kg,NVT,NVT,bedsfn,,ng,ug/kg
lobith.ponton,"Lobith, ponton",meting,MASSFTE,OE,Massafractie benzo(ghi)peryleen in Organisme (biota) t.o.v. natgewicht in Vlees Dreissena bugensis ug/kg,NVT,NVT,BghiPe,,ng,ug/kg
lobith.ponton,"Lobith, ponton",meting,MASSFTE,OE,Massafractie benzo(ghi)peryleen in Organisme (biota) t.o.v. natgewicht in Vlees Dreissena polymorpha ug/kg,NVT,NVT,BghiPe,,ng,ug/kg
lobith.ponton,"Lobith, ponton",meting,MASSFTE,OE,Massafractie beta-hexachloorcyclohexaan in Organisme (biota) t.o.v. natgewicht in Vlees Anguilla anguilla ug/kg,NVT,NVT,bHCH,,ng,ug/kg
lobith.ponton,"Lobith, ponton",meting,MASSFTE,OE,Massafractie benzo(k)fluorantheen in Organisme (biota) t.o.v. natgewicht in Vlees Dreissena bugensis ug/kg,NVT,NVT,BkF,,ng,ug/kg
lobith.ponton,"Lobith, ponton",meting,MASSFTE,OE,Massafractie benzo(k)fluorantheen in Organisme (biota) t.o.v. natgewicht in Vlees Dreissena polymorpha ug/kg,NVT,NVT,BkF,,ng,ug/kg
lobith.ponton,"Lobith, ponton",meting,MASSFTE,OE,Massafractie gamma-hexachloorcyclohexaan (lindaan) in Organisme (biota) t.o.v. natgewicht in Vlees Anguilla anguilla ug/kg,NVT,NVT,cHCH,,ng,ug/kg
lobith.ponton,"Lobith, ponton",meting,MASSFTE,OE,Massafractie cis-heptachloorepoxide in Organisme (biota) t.o.v. natgewicht in Rutilus rutilus ug/kg,NVT,NVT,cHpClepO,,ng,ug/kg
lobith.ponton,"Lobith, ponton",meting,MASSFTE,OE,Massafractie chryseen in Organisme (biota) t.o.v. natgewicht in Vlees Dreissena bugensis ug/kg,NVT,NVT,Chr,,ng,ug/kg
lobith.ponton,"Lobith, ponton",meting,MASSFTE,OE,Massafractie chryseen in Organisme (biota) t.o.v. natgewicht in Vlees Dreissena polymorpha ug/kg,NVT,NVT,Chr,,ng,ug/kg
lobith.ponton,"Lobith, ponton",meting,MASSFTE,OE,"Massafractie dibenzo(a,h)antraceen in Organisme (biota) t.o.v. natgewicht in Vlees Dreissena bugensis ug/kg",NVT,NVT,DBahAnt,,ng,ug/kg
lobith.ponton,"Lobith, ponton",meting,MASSFTE,OE,"Massafractie dibenzo(a,h)antraceen in Organisme (biota) t.o.v. natgewicht in Vlees Dreissena polymorpha ug/kg",NVT,NVT,DBahAnt,,ng,ug/kg
lobith.ponton,"Lobith, ponton",meting,MASSFTE,OE,Massafractie dicofol in Organisme (biota) t.o.v. natgewicht in Rutilus rutilus ug/kg,NVT,NVT,Dcfl,,ng,ug/kg
lobith.ponton,"Lobith, ponton",meting,MASSFTE,OE,Massafractie dieldrin in Organisme (biota) t.o.v. natgewicht in Vlees Anguilla anguilla ug/kg,NVT,NVT,dieldn,,ng,ug/kg
lobith.ponton,"Lobith, ponton",meting,MASSFTE,OE,Massafractie N-ethyl-perfluoroctaan sulfonamidoazijnzuur in Organisme (biota) t.o.v. natgewicht in Rutilus rutilus ug/kg,NVT,NVT,EtFOSAA,,ng,ug/kg
lobith.ponton,"Lobith, ponton",meting,MASSFTE,OE,"Massafractie 2,2-Difluor-2-[{2,2,4,5-tetrafluor-5-(trifluormethoxy)-1,3-dioxolan-4-yl}oxy]azijnzuur in Organisme (biota) t.o.v. natgewicht in Rutilus rutilus ug/kg",NVT,NVT,FC1oxOaEsrO,,ng,ug/kg
lobith.ponton,"Lobith, ponton",meting,MASSFTE,OE,Massafractie fenantreen in Organisme (biota) t.o.v. natgewicht in Vlees Dreissena bugensis ug/kg,NVT,NVT,Fen,,ng,ug/kg
lobith.ponton,"Lobith, ponton",meting,MASSFTE,OE,Massafractie fenantreen in Organisme (biota) t.o.v. natgewicht in Vlees Dreissena polymorpha ug/kg,NVT,NVT,Fen,,ng,ug/kg
lobith.ponton,"Lobith, ponton",meting,MASSFTE,OE,Massafractie fluoreen in Organisme (biota) t.o.v. natgewicht in Vlees Dreissena bugensis ug/kg,NVT,NVT,Fle,,ng,ug/kg
lobith.ponton,"Lobith, ponton",meting,MASSFTE,OE,Massafractie fluoreen in Organisme (biota) t.o.v. natgewicht in Vlees Dreissena polymorpha ug/kg,NVT,NVT,Fle,,ng,ug/kg
lobith.ponton,"Lobith, ponton",meting,MASSFTE,OE,Massafractie fluorantheen in Organisme (biota) t.o.v. natgewicht in Vlees Dreissena bugensis ug/kg,NVT,NVT,Flu,,ng,ug/kg
lobith.ponton,"Lobith, ponton",meting,MASSFTE,OE,Massafractie fluorantheen in Organisme (biota) t.o.v. natgewicht in Vlees Dreissena polymorpha ug/kg,NVT,NVT,Flu,,ng,ug/kg
lobith.ponton,"Lobith, ponton",meting,MASSFTE,OE,"Massafractie ammonium 2,3,3,3-tetrafluor-2-(heptafluorpropoxy)-propanoaat in Organisme (biota) t.o.v. natgewicht in Rutilus rutilus ug/kg",NVT,NVT,FRD-902,,ng,ug/kg
lobith.ponton,"Lobith, ponton",meting,MASSFTE,OE,"Massafractie som HBCD (technisch mengsel, niet-gespecif. broom-posities) in Organisme (biota) t.o.v. natgewicht in Rutilus rutilus ug/kg",NVT,NVT,HBCD,,ng,ug/kg
lobith.ponton,"Lobith, ponton",meting,MASSFTE,OE,Massafractie hexachloorbenzeen in Organisme (biota) t.o.v. natgewicht in Rutilus rutilus ug/kg,NVT,NVT,HCB,,ng,ug/kg
lobith.ponton,"Lobith, ponton",meting,MASSFTE,OE,Massafractie hexachloorbenzeen in Organisme (biota) t.o.v. natgewicht in Vlees Anguilla anguilla ug/kg,NVT,NVT,HCB,,ng,ug/kg
lobith.ponton,"Lobith, ponton",meting,MASSFTE,OE,Massafractie hexachloorbenzeen in Organisme (biota) t.o.v. natgewicht in Vlees Dreissena bugensis ug/kg,NVT,NVT,HCB,,ng,ug/kg
lobith.ponton,"Lobith, ponton",meting,MASSFTE,OE,Massafractie hexachloorbenzeen in Organisme (biota) t.o.v. natgewicht in Vlees Dreissena polymorpha ug/kg,NVT,NVT,HCB,,ng,ug/kg
lobith.ponton,"Lobith, ponton",meting,MASSFTE,OE,Massafractie heptachloor in Organisme (biota) t.o.v. natgewicht in Rutilus rutilus ug/kg,NVT,NVT,HpCl,,ng,ug/kg
lobith.ponton,"Lobith, ponton",meting,MASSFTE,OE,Massafractie hexachloorbutadieen in Organisme (biota) t.o.v. natgewicht in Rutilus rutilus ug/kg,NVT,NVT,HxClbtDen,,ng,ug/kg
lobith.ponton,"Lobith, ponton",meting,MASSFTE,OE,Massafractie hexachloorbutadieen in Organisme (biota) t.o.v. natgewicht in Vlees Anguilla anguilla ug/kg,NVT,NVT,HxClbtDen,,ng,ug/kg
lobith.ponton,"Lobith, ponton",meting,MASSFTE,OE,Massafractie hexachloorbutadieen in Organisme (biota) t.o.v. natgewicht in Vlees Dreissena bugensis ug/kg,NVT,NVT,HxClbtDen,,ng,ug/kg
lobith.ponton,"Lobith, ponton",meting,MASSFTE,OE,Massafractie hexachloorbutadieen in Organisme (biota) t.o.v. natgewicht in Vlees Dreissena polymorpha ug/kg,NVT,NVT,HxClbtDen,,ng,ug/kg
lobith.ponton,"Lobith, ponton",meting,MASSFTE,OE,"Massafractie indeno(1,2,3-cd)pyreen in Organisme (biota) t.o.v. natgewicht in Vlees Dreissena bugensis ug/kg",NVT,NVT,InP,,ng,ug/kg
lobith.ponton,"Lobith, ponton",meting,MASSFTE,OE,"Massafractie indeno(1,2,3-cd)pyreen in Organisme (biota) t.o.v. natgewicht in Vlees Dreissena polymorpha ug/kg",NVT,NVT,InP,,ng,ug/kg
lobith.ponton,"Lobith, ponton",meting,MASSFTE,OE,Massafractie perfluorbutaansulfonzuur in Organisme (biota) t.o.v. natgewicht in Rutilus rutilus ug/kg,NVT,NVT,L_PFBS,,ng,ug/kg
lobith.ponton,"Lobith, ponton",meting,MASSFTE,OE,Massafractie perfluordecaansulfonzuur in Organisme (biota) t.o.v. natgewicht in Rutilus rutilus ug/kg,NVT,NVT,L_PFDS,,ng,ug/kg
lobith.ponton,"Lobith, ponton",meting,MASSFTE,OE,Massafractie perfluorheptaansulfonzuur in Organisme (biota) t.o.v. natgewicht in Rutilus rutilus ug/kg,NVT,NVT,L_PFHpS,,ng,ug/kg
lobith.ponton,"Lobith, ponton",meting,MASSFTE,OE,Massafractie perfluorhexaansulfonzuur in Organisme (biota) t.o.v. natgewicht in Rutilus rutilus ug/kg,NVT,NVT,L_PFHxS,,ng,ug/kg
lobith.ponton,"Lobith, ponton",meting,MASSFTE,OE,Massafractie N-methyl-perfluoroctaan sulfonamidoazijnzuur in Organisme (biota) t.o.v. natgewicht in Rutilus rutilus ug/kg,NVT,NVT,N-MeFOSAA,,ng,ug/kg
lobith.ponton,"Lobith, ponton",meting,MASSFTE,OE,Massafractie octachloorstyreen in Organisme (biota) t.o.v. natgewicht in Vlees Anguilla anguilla ug/kg,NVT,NVT,OcClsrn,,ng,ug/kg
lobith.ponton,"Lobith, ponton",meting,MASSFTE,OE,"Massafractie 2,2',4,4',6-pentabroomdifenylether in Organisme (biota) t.o.v. natgewicht in Rutilus rutilus ug/kg",NVT,NVT,PBDE100,,ng,ug/kg
lobith.ponton,"Lobith, ponton",meting,MASSFTE,OE,"Massafractie 2,2',4,4',6-pentabroomdifenylether in Organisme (biota) t.o.v. natgewicht in Vlees Dreissena bugensis ug/kg",NVT,NVT,PBDE100,,ng,ug/kg
lobith.ponton,"Lobith, ponton",meting,MASSFTE,OE,"Massafractie 2,2',4,4',6-pentabroomdifenylether in Organisme (biota) t.o.v. natgewicht in Vlees Dreissena polymorpha ug/kg",NVT,NVT,PBDE100,,ng,ug/kg
lobith.ponton,"Lobith, ponton",meting,MASSFTE,OE,"Massafractie 2,2',4,4',5,5'-hexabroomdifenylether in Organisme (biota) t.o.v. natgewicht in Rutilus rutilus ug/kg",NVT,NVT,PBDE153,,ng,ug/kg
lobith.ponton,"Lobith, ponton",meting,MASSFTE,OE,"Massafractie 2,2',3,4,4',5',6-heptabroomdifenylether in Organisme (biota) t.o.v. natgewicht in Rutilus rutilus ug/kg",NVT,NVT,PBDE183,,ng,ug/kg
lobith.ponton,"Lobith, ponton",meting,MASSFTE,OE,"Massafractie 2,4,4'-tribroomdifenylether in Organisme (biota) t.o.v. natgewicht in Rutilus rutilus ug/kg",NVT,NVT,PBDE28,,ng,ug/kg
lobith.ponton,"Lobith, ponton",meting,MASSFTE,OE,"Massafractie 2,2',4,4'-tetrabroomdifenylether in Organisme (biota) t.o.v. natgewicht in Rutilus rutilus ug/kg",NVT,NVT,PBDE47,,ng,ug/kg
lobith.ponton,"Lobith, ponton",meting,MASSFTE,OE,"Massafractie 2,2',4,4'-tetrabroomdifenylether in Organisme (biota) t.o.v. natgewicht in Vlees Dreissena bugensis ug/kg",NVT,NVT,PBDE47,,ng,ug/kg
lobith.ponton,"Lobith, ponton",meting,MASSFTE,OE,"Massafractie 2,2',4,4'-tetrabroomdifenylether in Organisme (biota) t.o.v. natgewicht in Vlees Dreissena polymorpha ug/kg",NVT,NVT,PBDE47,,ng,ug/kg
lobith.ponton,"Lobith, ponton",meting,MASSFTE,OE,"Massafractie 2,3',4,4'-tetrabroomdifenylether in Organisme (biota) t.o.v. natgewicht in Rutilus rutilus ug/kg",NVT,NVT,PBDE66,,ng,ug/kg
lobith.ponton,"Lobith, ponton",meting,MASSFTE,OE,"Massafractie 2,2',3,4,4'-pentabroomdifenylether in Organisme (biota) t.o.v. natgewicht in Rutilus rutilus ug/kg",NVT,NVT,PBDE85,,ng,ug/kg
lobith.ponton,"Lobith, ponton",meting,MASSFTE,OE,"Massafractie 2,2',4,4',5-pentabroomdifenylether in Organisme (biota) t.o.v. natgewicht in Rutilus rutilus ug/kg",NVT,NVT,PBDE99,,ng,ug/kg
lobith.ponton,"Lobith, ponton",meting,MASSFTE,OE,"Massafractie 2,2',4,4',5-pentabroomdifenylether in Organisme (biota) t.o.v. natgewicht in Vlees Dreissena bugensis ug/kg",NVT,NVT,PBDE99,,ng,ug/kg
lobith.ponton,"Lobith, ponton",meting,MASSFTE,OE,"Massafractie 2,2',4,4',5-pentabroomdifenylether in Organisme (biota) t.o.v. natgewicht in Vlees Dreissena polymorpha ug/kg",NVT,NVT,PBDE99,,ng,ug/kg
lobith.ponton,"Lobith, ponton",meting,MASSFTE,OE,"Massafractie 2,2',4,5,5'-pentachloorbifenyl in Organisme (biota) t.o.v. natgewicht in Vlees Anguilla anguilla ug/kg",NVT,NVT,PCB101,,ng,ug/kg
lobith.ponton,"Lobith, ponton",meting,MASSFTE,OE,"Massafractie 2,2',4,5,5'-pentachloorbifenyl in Organisme (biota) t.o.v. natgewicht in Vlees Dreissena bugensis ug/kg",NVT,NVT,PCB101,,ng,ug/kg
lobith.ponton,"Lobith, ponton",meting,MASSFTE,OE,"Massafractie 2,2',4,5,5'-pentachloorbifenyl in Organisme (biota) t.o.v. natgewicht in Vlees Dreissena polymorpha ug/kg",NVT,NVT,PCB101,,ng,ug/kg
lobith.ponton,"Lobith, ponton",meting,MASSFTE,OE,"Massafractie 2,3,3',4,4'-pentachloorbifenyl in Organisme (biota) t.o.v. natgewicht in Rutilus rutilus ug/kg",NVT,NVT,PCB105,,ng,ug/kg
lobith.ponton,"Lobith, ponton",meting,MASSFTE,OE,"Massafractie 2,3,3',4,4'-pentachloorbifenyl in Organisme (biota) t.o.v. natgewicht in Vlees Anguilla anguilla ug/kg",NVT,NVT,PCB105,,ng,ug/kg
lobith.ponton,"Lobith, ponton",meting,MASSFTE,OE,"Massafractie 2,3,3',4,4'-pentachloorbifenyl in Organisme (biota) t.o.v. natgewicht in Vlees Dreissena bugensis ug/kg",NVT,NVT,PCB105,,ng,ug/kg
lobith.ponton,"Lobith, ponton",meting,MASSFTE,OE,"Massafractie 2,3,3',4,4'-pentachloorbifenyl in Organisme (biota) t.o.v. natgewicht in Vlees Dreissena polymorpha ug/kg",NVT,NVT,PCB105,,ng,ug/kg
lobith.ponton,"Lobith, ponton",meting,MASSFTE,OE,"Massafractie 2,3,4,4',5-pentachloorbifenyl in Organisme (biota) t.o.v. natgewicht in Rutilus rutilus ug/kg",NVT,NVT,PCB114,,ng,ug/kg
lobith.ponton,"Lobith, ponton",meting,MASSFTE,OE,"Massafractie 2,3',4,4',5-pentachloorbifenyl in Organisme (biota) t.o.v. natgewicht in Rutilus rutilus ug/kg",NVT,NVT,PCB118,,ng,ug/kg
lobith.ponton,"Lobith, ponton",meting,MASSFTE,OE,"Massafractie 2,3',4,4',5-pentachloorbifenyl in Organisme (biota) t.o.v. natgewicht in Vlees Anguilla anguilla ug/kg",NVT,NVT,PCB118,,ng,ug/kg
lobith.ponton,"Lobith, ponton",meting,MASSFTE,OE,"Massafractie 2,3',4,4',5-pentachloorbifenyl in Organisme (biota) t.o.v. natgewicht in Vlees Dreissena bugensis ug/kg",NVT,NVT,PCB118,,ng,ug/kg
lobith.ponton,"Lobith, ponton",meting,MASSFTE,OE,"Massafractie 2,3',4,4',5-pentachloorbifenyl in Organisme (biota) t.o.v. natgewicht in Vlees Dreissena polymorpha ug/kg",NVT,NVT,PCB118,,ng,ug/kg
lobith.ponton,"Lobith, ponton",meting,MASSFTE,OE,"Massafractie 2,3',4,4',5'-pentachloorbifenyl in Organisme (biota) t.o.v. natgewicht in Rutilus rutilus ug/kg",NVT,NVT,PCB123,,ng,ug/kg
lobith.ponton,"Lobith, ponton",meting,MASSFTE,OE,"Massafractie 3,3',4,4',5-pentachloorbifenyl in Organisme (biota) t.o.v. natgewicht in Vlees Anguilla anguilla ug/kg",NVT,NVT,PCB126,,ng,ug/kg
lobith.ponton,"Lobith, ponton",meting,MASSFTE,OE,"Massafractie 3,3',4,4',5-pentachloorbifenyl in Organisme (biota) t.o.v. natgewicht in Vlees Dreissena bugensis ug/kg",NVT,NVT,PCB126,,ng,ug/kg
lobith.ponton,"Lobith, ponton",meting,MASSFTE,OE,"Massafractie 3,3',4,4',5-pentachloorbifenyl in Organisme (biota) t.o.v. natgewicht in Vlees Dreissena polymorpha ug/kg",NVT,NVT,PCB126,,ng,ug/kg
lobith.ponton,"Lobith, ponton",meting,MASSFTE,OE,"Massafractie 2,2',3,4,4',5'-hexachloorbifenyl in Organisme (biota) t.o.v. natgewicht in Vlees Dreissena bugensis ug/kg",NVT,NVT,PCB138,,ng,ug/kg
lobith.ponton,"Lobith, ponton",meting,MASSFTE,OE,"Massafractie 2,2',4,4',5,5'-hexachloorbifenyl in Organisme (biota) t.o.v. natgewicht in Vlees Anguilla anguilla ug/kg",NVT,NVT,PCB153,,ng,ug/kg
lobith.ponton,"Lobith, ponton",meting,MASSFTE,OE,"Massafractie 2,2',4,4',5,5'-hexachloorbifenyl in Organisme (biota) t.o.v. natgewicht in Vlees Dreissena bugensis ug/kg",NVT,NVT,PCB153,,ng,ug/kg
lobith.ponton,"Lobith, ponton",meting,MASSFTE,OE,"Massafractie 2,2',4,4',5,5'-hexachloorbifenyl in Organisme (biota) t.o.v. natgewicht in Vlees Dreissena polymorpha ug/kg",NVT,NVT,PCB153,,ng,ug/kg
lobith.ponton,"Lobith, ponton",meting,MASSFTE,OE,"Massafractie 2,3,3',4,4',5-hexachloorbifenyl in Organisme (biota) t.o.v. natgewicht in Rutilus rutilus ug/kg",NVT,NVT,PCB156,,ng,ug/kg
lobith.ponton,"Lobith, ponton",meting,MASSFTE,OE,"Massafractie 2,3,3',4,4',5-hexachloorbifenyl in Organisme (biota) t.o.v. natgewicht in Vlees Anguilla anguilla ug/kg",NVT,NVT,PCB156,,ng,ug/kg
lobith.ponton,"Lobith, ponton",meting,MASSFTE,OE,"Massafractie 2,3,3',4,4',5-hexachloorbifenyl in Organisme (biota) t.o.v. natgewicht in Vlees Dreissena bugensis ug/kg",NVT,NVT,PCB156,,ng,ug/kg
lobith.ponton,"Lobith, ponton",meting,MASSFTE,OE,"Massafractie 2,3,3',4,4',5-hexachloorbifenyl in Organisme (biota) t.o.v. natgewicht in Vlees Dreissena polymorpha ug/kg",NVT,NVT,PCB156,,ng,ug/kg
lobith.ponton,"Lobith, ponton",meting,MASSFTE,OE,"Massafractie 2,3,3',4,4',5'-hexachloorbifenyl in Organisme (biota) t.o.v. natgewicht in Rutilus rutilus ug/kg",NVT,NVT,PCB157,,ng,ug/kg
lobith.ponton,"Lobith, ponton",meting,MASSFTE,OE,"Massafractie 2,3',4,4',5,5'-hexachloorbifenyl in Organisme (biota) t.o.v. natgewicht in Rutilus rutilus ug/kg",NVT,NVT,PCB167,,ng,ug/kg
lobith.ponton,"Lobith, ponton",meting,MASSFTE,OE,"Massafractie 3,3',4,4',5,5'-hexachloorbifenyl in Organisme (biota) t.o.v. natgewicht in Vlees Anguilla anguilla ug/kg",NVT,NVT,PCB169,,ng,ug/kg
lobith.ponton,"Lobith, ponton",meting,MASSFTE,OE,"Massafractie 3,3',4,4',5,5'-hexachloorbifenyl in Organisme (biota) t.o.v. natgewicht in Vlees Dreissena bugensis ug/kg",NVT,NVT,PCB169,,ng,ug/kg
lobith.ponton,"Lobith, ponton",meting,MASSFTE,OE,"Massafractie 3,3',4,4',5,5'-hexachloorbifenyl in Organisme (biota) t.o.v. natgewicht in Vlees Dreissena polymorpha ug/kg",NVT,NVT,PCB169,,ng,ug/kg
lobith.ponton,"Lobith, ponton",meting,MASSFTE,OE,"Massafractie 2,2',3,4,4',5,5'-heptachloorbifenyl in Organisme (biota) t.o.v. natgewicht in Vlees Anguilla anguilla ug/kg",NVT,NVT,PCB180,,ng,ug/kg
lobith.ponton,"Lobith, ponton",meting,MASSFTE,OE,"Massafractie 2,2',3,4,4',5,5'-heptachloorbifenyl in Organisme (biota) t.o.v. natgewicht in Vlees Dreissena bugensis ug/kg",NVT,NVT,PCB180,,ng,ug/kg
lobith.ponton,"Lobith, ponton",meting,MASSFTE,OE,"Massafractie 2,2',3,4,4',5,5'-heptachloorbifenyl in Organisme (biota) t.o.v. natgewicht in Vlees Dreissena polymorpha ug/kg",NVT,NVT,PCB180,,ng,ug/kg
lobith.ponton,"Lobith, ponton",meting,MASSFTE,OE,"Massafractie 2,3,3',4,4',5,5 '-heptachlorobifenyl in Organisme (biota) t.o.v. natgewicht in Rutilus rutilus ug/kg",NVT,NVT,PCB189,,ng,ug/kg
lobith.ponton,"Lobith, ponton",meting,MASSFTE,OE,"Massafractie 2,4,4'-trichloorbifenyl in Organisme (biota) t.o.v. natgewicht in Vlees Anguilla anguilla ug/kg",NVT,NVT,PCB28,,ng,ug/kg
lobith.ponton,"Lobith, ponton",meting,MASSFTE,OE,"Massafractie 2,4,4'-trichloorbifenyl in Organisme (biota) t.o.v. natgewicht in Vlees Dreissena bugensis ug/kg",NVT,NVT,PCB28,,ng,ug/kg
lobith.ponton,"Lobith, ponton",meting,MASSFTE,OE,"Massafractie 2,4,4'-trichloorbifenyl in Organisme (biota) t.o.v. natgewicht in Vlees Dreissena polymorpha ug/kg",NVT,NVT,PCB28,,ng,ug/kg
lobith.ponton,"Lobith, ponton",meting,MASSFTE,OE,"Massafractie 2,2',5,5'-tetrachloorbifenyl in Organisme (biota) t.o.v. natgewicht in Vlees Anguilla anguilla ug/kg",NVT,NVT,PCB52,,ng,ug/kg
lobith.ponton,"Lobith, ponton",meting,MASSFTE,OE,"Massafractie 2,2',5,5'-tetrachloorbifenyl in Organisme (biota) t.o.v. natgewicht in Vlees Dreissena bugensis ug/kg",NVT,NVT,PCB52,,ng,ug/kg
lobith.ponton,"Lobith, ponton",meting,MASSFTE,OE,"Massafractie 2,2',5,5'-tetrachloorbifenyl in Organisme (biota) t.o.v. natgewicht in Vlees Dreissena polymorpha ug/kg",NVT,NVT,PCB52,,ng,ug/kg
lobith.ponton,"Lobith, ponton",meting,MASSFTE,OE,"Massafractie 3,3',4,4'-tetrachloorbifenyl in Organisme (biota) t.o.v. natgewicht in Vlees Anguilla anguilla ug/kg",NVT,NVT,PCB77,,ng,ug/kg
lobith.ponton,"Lobith, ponton",meting,MASSFTE,OE,"Massafractie 3,3',4,4'-tetrachloorbifenyl in Organisme (biota) t.o.v. natgewicht in Vlees Dreissena bugensis ug/kg",NVT,NVT,PCB77,,ng,ug/kg
lobith.ponton,"Lobith, ponton",meting,MASSFTE,OE,"Massafractie 3,3',4,4'-tetrachloorbifenyl in Organisme (biota) t.o.v. natgewicht in Vlees Dreissena polymorpha ug/kg",NVT,NVT,PCB77,,ng,ug/kg
lobith.ponton,"Lobith, ponton",meting,MASSFTE,OE,Massafractie pentachlooranisol in Organisme (biota) t.o.v. natgewicht in Vlees Anguilla anguilla ug/kg,NVT,NVT,PeClansl,,ng,ug/kg
lobith.ponton,"Lobith, ponton",meting,MASSFTE,OE,Massafractie pentachloorbenzeen in Organisme (biota) t.o.v. natgewicht in Vlees Anguilla anguilla ug/kg,NVT,NVT,PeClBen,,ng,ug/kg
lobith.ponton,"Lobith, ponton",meting,MASSFTE,OE,Massafractie perfluorbutaanzuur in Organisme (biota) t.o.v. natgewicht in Rutilus rutilus ug/kg,NVT,NVT,PFBA,,ng,ug/kg
lobith.ponton,"Lobith, ponton",meting,MASSFTE,OE,Massafractie perfluorhexadecaanzuur in Organisme (biota) t.o.v. natgewicht in Rutilus rutilus ug/kg,NVT,NVT,PFC16azr,,ng,ug/kg
lobith.ponton,"Lobith, ponton",meting,MASSFTE,OE,Massafractie perfluoroctadecaanzuur in Organisme (biota) t.o.v. natgewicht in Rutilus rutilus ug/kg,NVT,NVT,PFC18azr,,ng,ug/kg
lobith.ponton,"Lobith, ponton",meting,MASSFTE,OE,Massafractie perfluorpentaansulfonzuur in Organisme (biota) t.o.v. natgewicht in Rutilus rutilus ug/kg,NVT,NVT,PFC5asfzr,,ng,ug/kg
lobith.ponton,"Lobith, ponton",meting,MASSFTE,OE,Massafractie perfluordecaanzuur in Organisme (biota) t.o.v. natgewicht in Rutilus rutilus ug/kg,NVT,NVT,PFDA,,ng,ug/kg
lobith.ponton,"Lobith, ponton",meting,MASSFTE,OE,Massafractie perfluordodecaanzuur in Organisme (biota) t.o.v. natgewicht in Rutilus rutilus ug/kg,NVT,NVT,PFDoA,,ng,ug/kg
lobith.ponton,"Lobith, ponton",meting,MASSFTE,OE,Massafractie perfluorheptaanzuur in Organisme (biota) t.o.v. natgewicht in Rutilus rutilus ug/kg,NVT,NVT,PFHpA,,ng,ug/kg
lobith.ponton,"Lobith, ponton",meting,MASSFTE,OE,Massafractie perfluorhexaanzuur in Organisme (biota) t.o.v. natgewicht in Rutilus rutilus ug/kg,NVT,NVT,PFHxA,,ng,ug/kg
lobith.ponton,"Lobith, ponton",meting,MASSFTE,OE,Massafractie perfluornonaanzuur in Organisme (biota) t.o.v. natgewicht in Rutilus rutilus ug/kg,NVT,NVT,PFNA,,ng,ug/kg
lobith.ponton,"Lobith, ponton",meting,MASSFTE,OE,Massafractie perfluoroctaanzuur in Organisme (biota) t.o.v. natgewicht in Rutilus rutilus ug/kg,NVT,NVT,PFOA,,ng,ug/kg
lobith.ponton,"Lobith, ponton",meting,MASSFTE,OE,Massafractie perfluoroctaansulfonzuur in Organisme (biota) t.o.v. natgewicht in Rutilus rutilus ug/kg,NVT,NVT,PFOS,,ng,ug/kg
lobith.ponton,"Lobith, ponton",meting,MASSFTE,OE,Massafractie perfluorpentaanzuur in Organisme (biota) t.o.v. natgewicht in Rutilus rutilus ug/kg,NVT,NVT,PFPA,,ng,ug/kg
lobith.ponton,"Lobith, ponton",meting,MASSFTE,OE,Massafractie perfluortridecaanzuur in Organisme (biota) t.o.v. natgewicht in Rutilus rutilus ug/kg,NVT,NVT,PFTDA,,ng,ug/kg
lobith.ponton,"Lobith, ponton",meting,MASSFTE,OE,Massafractie perfluortetradecaanzuur in Organisme (biota) t.o.v. natgewicht in Rutilus rutilus ug/kg,NVT,NVT,PFTeDA,,ng,ug/kg
lobith.ponton,"Lobith, ponton",meting,MASSFTE,OE,Massafractie perfluorundecaanzuur in Organisme (biota) t.o.v. natgewicht in Rutilus rutilus ug/kg,NVT,NVT,PFUdA,,ng,ug/kg
lobith.ponton,"Lobith, ponton",meting,MASSFTE,OE,Massafractie pyreen in Organisme (biota) t.o.v. natgewicht in Vlees Dreissena bugensis ug/kg,NVT,NVT,Pyr,,ng,ug/kg
lobith.ponton,"Lobith, ponton",meting,MASSFTE,OE,Massafractie pyreen in Organisme (biota) t.o.v. natgewicht in Vlees Dreissena polymorpha ug/kg,NVT,NVT,Pyr,,ng,ug/kg
lobith.ponton,"Lobith, ponton",meting,MASSFTE,OE,Massafractie som PBB153 en PBDE154 in Organisme (biota) t.o.v. natgewicht in Rutilus rutilus ug/kg,NVT,NVT,sPBB153DE154,,ng,ug/kg
lobith.ponton,"Lobith, ponton",meting,MASSFTE,OE,Massafractie som PCB138 en PCB163 in Organisme (biota) t.o.v. natgewicht in Vlees Anguilla anguilla ug/kg,NVT,NVT,sPCB138163,,ng,ug/kg
lobith.ponton,"Lobith, ponton",meting,MASSFTE,OE,Massafractie som PCB138 en PCB163 in Organisme (biota) t.o.v. natgewicht in Vlees Dreissena bugensis ug/kg,NVT,NVT,sPCB138163,,ng,ug/kg
lobith.ponton,"Lobith, ponton",meting,MASSFTE,OE,Massafractie som PCB138 en PCB163 in Organisme (biota) t.o.v. natgewicht in Vlees Dreissena polymorpha ug/kg,NVT,NVT,sPCB138163,,ng,ug/kg
lobith.ponton,"Lobith, ponton",meting,MASSFTE,OE,Massafractie som PCB156 en PCB172 in Organisme (biota) t.o.v. natgewicht in Vlees Dreissena bugensis ug/kg,NVT,NVT,sPCB156172,,ng,ug/kg
lobith.ponton,"Lobith, ponton",meting,MASSFTE,OE,"Massafractie 1,2,3,4-tetrachloorbenzeen in Organisme (biota) t.o.v. vetgewicht in Vlees Dreissena polymorpha ug/kg",NVT,NVT,1234T4ClBen,,VETGWT,ug/kg
lobith.ponton,"Lobith, ponton",meting,MASSFTE,OE,"Massafractie 1,2,3,5-tetrachloorbenzeen in Organisme (biota) t.o.v. vetgewicht in Vlees Dreissena polymorpha ug/kg",NVT,NVT,1235T4ClBen,,VETGWT,ug/kg
lobith.ponton,"Lobith, ponton",meting,MASSFTE,OE,"Massafractie 1,2,3-trichloorbenzeen in Organisme (biota) t.o.v. vetgewicht in Vlees Dreissena polymorpha ug/kg",NVT,NVT,123TClBen,,VETGWT,ug/kg
lobith.ponton,"Lobith, ponton",meting,MASSFTE,OE,"Massafractie 1,2,4,5-tetrachloorbenzeen in Organisme (biota) t.o.v. vetgewicht in Vlees Dreissena polymorpha ug/kg",NVT,NVT,1245T4ClBen,,VETGWT,ug/kg
lobith.ponton,"Lobith, ponton",meting,MASSFTE,OE,"Massafractie 1,2,4-trichloorbenzeen in Organisme (biota) t.o.v. vetgewicht in Vlees Dreissena polymorpha ug/kg",NVT,NVT,124TClBen,,VETGWT,ug/kg
lobith.ponton,"Lobith, ponton",meting,MASSFTE,OE,"Massafractie 1,3,5-trichloorbenzeen in Organisme (biota) t.o.v. vetgewicht in Vlees Dreissena polymorpha ug/kg",NVT,NVT,135TClBen,,VETGWT,ug/kg
lobith.ponton,"Lobith, ponton",meting,MASSFTE,OE,"Massafractie 4,4'-dichloordifenyldichloorethaan in Organisme (biota) t.o.v. vetgewicht in Vlees Dreissena polymorpha ug/kg",NVT,NVT,44DDD,,VETGWT,ug/kg
lobith.ponton,"Lobith, ponton",meting,MASSFTE,OE,"Massafractie 4,4'-dichloordifenyldichlooretheen in Organisme (biota) t.o.v. vetgewicht in Vlees Dreissena polymorpha ug/kg",NVT,NVT,44DDE,,VETGWT,ug/kg
lobith.ponton,"Lobith, ponton",meting,MASSFTE,OE,"Massafractie 4,4'-dichloordifenyltrichloorethaan in Organisme (biota) t.o.v. vetgewicht in Vlees Dreissena polymorpha ug/kg",NVT,NVT,44DDT,,VETGWT,ug/kg
lobith.ponton,"Lobith, ponton",meting,MASSFTE,OE,Massafractie acenafteen in Organisme (biota) t.o.v. vetgewicht in Vlees Dreissena polymorpha ug/kg,NVT,NVT,AcNe,,VETGWT,ug/kg
lobith.ponton,"Lobith, ponton",meting,MASSFTE,OE,Massafractie alfa-endosulfan in Organisme (biota) t.o.v. vetgewicht in Vlees Dreissena polymorpha ug/kg,NVT,NVT,aedsfn,,VETGWT,ug/kg
lobith.ponton,"Lobith, ponton",meting,MASSFTE,OE,Massafractie alfa-hexachloorcyclohexaan in Organisme (biota) t.o.v. vetgewicht in Vlees Dreissena polymorpha ug/kg,NVT,NVT,aHCH,,VETGWT,ug/kg
lobith.ponton,"Lobith, ponton",meting,MASSFTE,OE,Massafractie antraceen in Organisme (biota) t.o.v. vetgewicht in Vlees Dreissena polymorpha ug/kg,NVT,NVT,Ant,,VETGWT,ug/kg
lobith.ponton,"Lobith, ponton",meting,MASSFTE,OE,Massafractie benzo(a)antraceen in Organisme (biota) t.o.v. vetgewicht in Vlees Dreissena polymorpha ug/kg,NVT,NVT,BaA,,VETGWT,ug/kg
lobith.ponton,"Lobith, ponton",meting,MASSFTE,OE,Massafractie benzo(a)pyreen in Organisme (biota) t.o.v. vetgewicht in Vlees Dreissena polymorpha ug/kg,NVT,NVT,BaP,,VETGWT,ug/kg
lobith.ponton,"Lobith, ponton",meting,MASSFTE,OE,Massafractie benzo(b)fluorantheen in Organisme (biota) t.o.v. vetgewicht in Vlees Dreissena polymorpha ug/kg,NVT,NVT,BbF,,VETGWT,ug/kg
lobith.ponton,"Lobith, ponton",meting,MASSFTE,OE,Massafractie benzo(e)pyreen in Organisme (biota) t.o.v. vetgewicht in Vlees Dreissena polymorpha ug/kg,NVT,NVT,BeP,,VETGWT,ug/kg
lobith.ponton,"Lobith, ponton",meting,MASSFTE,OE,Massafractie benzo(ghi)peryleen in Organisme (biota) t.o.v. vetgewicht in Vlees Dreissena polymorpha ug/kg,NVT,NVT,BghiPe,,VETGWT,ug/kg
lobith.ponton,"Lobith, ponton",meting,MASSFTE,OE,Massafractie beta-hexachloorcyclohexaan in Organisme (biota) t.o.v. vetgewicht in Vlees Dreissena polymorpha ug/kg,NVT,NVT,bHCH,,VETGWT,ug/kg
lobith.ponton,"Lobith, ponton",meting,MASSFTE,OE,Massafractie benzo(k)fluorantheen in Organisme (biota) t.o.v. vetgewicht in Vlees Dreissena polymorpha ug/kg,NVT,NVT,BkF,,VETGWT,ug/kg
lobith.ponton,"Lobith, ponton",meting,MASSFTE,OE,Massafractie gamma-hexachloorcyclohexaan (lindaan) in Organisme (biota) t.o.v. vetgewicht in Vlees Dreissena polymorpha ug/kg,NVT,NVT,cHCH,,VETGWT,ug/kg
lobith.ponton,"Lobith, ponton",meting,MASSFTE,OE,Massafractie chryseen in Organisme (biota) t.o.v. vetgewicht in Vlees Dreissena polymorpha ug/kg,NVT,NVT,Chr,,VETGWT,ug/kg
lobith.ponton,"Lobith, ponton",meting,MASSFTE,OE,"Massafractie dibenzo(a,h)antraceen in Organisme (biota) t.o.v. vetgewicht in Vlees Dreissena polymorpha ug/kg",NVT,NVT,DBahAnt,,VETGWT,ug/kg
lobith.ponton,"Lobith, ponton",meting,MASSFTE,OE,Massafractie dieldrin in Organisme (biota) t.o.v. vetgewicht in Vlees Dreissena polymorpha ug/kg,NVT,NVT,dieldn,,VETGWT,ug/kg
lobith.ponton,"Lobith, ponton",meting,MASSFTE,OE,Massafractie endrin in Organisme (biota) t.o.v. vetgewicht in Vlees Dreissena polymorpha ug/kg,NVT,NVT,endn,,VETGWT,ug/kg
lobith.ponton,"Lobith, ponton",meting,MASSFTE,OE,Massafractie fenantreen in Organisme (biota) t.o.v. vetgewicht in Vlees Dreissena polymorpha ug/kg,NVT,NVT,Fen,,VETGWT,ug/kg
lobith.ponton,"Lobith, ponton",meting,MASSFTE,OE,Massafractie fluoreen in Organisme (biota) t.o.v. vetgewicht in Vlees Dreissena polymorpha ug/kg,NVT,NVT,Fle,,VETGWT,ug/kg
lobith.ponton,"Lobith, ponton",meting,MASSFTE,OE,Massafractie fluorantheen in Organisme (biota) t.o.v. vetgewicht in Vlees Dreissena polymorpha ug/kg,NVT,NVT,Flu,,VETGWT,ug/kg
lobith.ponton,"Lobith, ponton",meting,MASSFTE,OE,Massafractie hexachloorbenzeen in Organisme (biota) t.o.v. vetgewicht in Vlees Dreissena polymorpha ug/kg,NVT,NVT,HCB,,VETGWT,ug/kg
lobith.ponton,"Lobith, ponton",meting,MASSFTE,OE,Massafractie hexachloorbutadieen in Organisme (biota) t.o.v. vetgewicht in Vlees Dreissena polymorpha ug/kg,NVT,NVT,HxClbtDen,,VETGWT,ug/kg
lobith.ponton,"Lobith, ponton",meting,MASSFTE,OE,"Massafractie indeno(1,2,3-cd)pyreen in Organisme (biota) t.o.v. vetgewicht in Vlees Dreissena polymorpha ug/kg",NVT,NVT,InP,,VETGWT,ug/kg
lobith.ponton,"Lobith, ponton",meting,MASSFTE,OE,"Massafractie 2,2',4,4',6-pentabroomdifenylether in Organisme (biota) t.o.v. vetgewicht in Vlees Dreissena polymorpha ug/kg",NVT,NVT,PBDE100,,VETGWT,ug/kg
lobith.ponton,"Lobith, ponton",meting,MASSFTE,OE,"Massafractie 2,2',4,4'-tetrabroomdifenylether in Organisme (biota) t.o.v. vetgewicht in Vlees Dreissena polymorpha ug/kg",NVT,NVT,PBDE47,,VETGWT,ug/kg
lobith.ponton,"Lobith, ponton",meting,MASSFTE,OE,"Massafractie 2,2',4,4',5-pentabroomdifenylether in Organisme (biota) t.o.v. vetgewicht in Vlees Dreissena polymorpha ug/kg",NVT,NVT,PBDE99,,VETGWT,ug/kg
lobith.ponton,"Lobith, ponton",meting,MASSFTE,OE,"Massafractie 2,2',4,5,5'-pentachloorbifenyl in Organisme (biota) t.o.v. vetgewicht in Vlees Dreissena polymorpha ug/kg",NVT,NVT,PCB101,,VETGWT,ug/kg
lobith.ponton,"Lobith, ponton",meting,MASSFTE,OE,"Massafractie 2,3',4,4',5-pentachloorbifenyl in Organisme (biota) t.o.v. vetgewicht in Vlees Dreissena polymorpha ug/kg",NVT,NVT,PCB118,,VETGWT,ug/kg
lobith.ponton,"Lobith, ponton",meting,MASSFTE,OE,"Massafractie 2,2',4,4',5,5'-hexachloorbifenyl in Organisme (biota) t.o.v. vetgewicht in Vlees Dreissena polymorpha ug/kg",NVT,NVT,PCB153,,VETGWT,ug/kg
lobith.ponton,"Lobith, ponton",meting,MASSFTE,OE,"Massafractie 2,2',3,4,4',5,5'-heptachloorbifenyl in Organisme (biota) t.o.v. vetgewicht in Vlees Dreissena polymorpha ug/kg",NVT,NVT,PCB180,,VETGWT,ug/kg
lobith.ponton,"Lobith, ponton",meting,MASSFTE,OE,"Massafractie 2,4,4'-trichloorbifenyl in Organisme (biota) t.o.v. vetgewicht in Vlees Dreissena polymorpha ug/kg",NVT,NVT,PCB28,,VETGWT,ug/kg
lobith.ponton,"Lobith, ponton",meting,MASSFTE,OE,"Massafractie 2,2',5,5'-tetrachloorbifenyl in Organisme (biota) t.o.v. vetgewicht in Vlees Dreissena polymorpha ug/kg",NVT,NVT,PCB52,,VETGWT,ug/kg
lobith.ponton,"Lobith, ponton",meting,MASSFTE,OE,Massafractie pentachloorbenzeen in Organisme (biota) t.o.v. vetgewicht in Vlees Dreissena polymorpha ug/kg,NVT,NVT,PeClBen,,VETGWT,ug/kg
lobith.ponton,"Lobith, ponton",meting,MASSFTE,OE,Massafractie pyreen in Organisme (biota) t.o.v. vetgewicht in Vlees Dreissena polymorpha ug/kg,NVT,NVT,Pyr,,VETGWT,ug/kg
lobith.ponton,"Lobith, ponton",meting,MASSFTE,OE,"Massafractie som 2,4'- en 4,4'-DDT in Organisme (biota) t.o.v. vetgewicht in Vlees Dreissena polymorpha ug/kg",NVT,NVT,sDDT,,VETGWT,ug/kg
lobith.ponton,"Lobith, ponton",meting,MASSFTE,OE,Massafractie som PCB138 en PCB163 in Organisme (biota) t.o.v. vetgewicht in Vlees Dreissena polymorpha ug/kg,NVT,NVT,sPCB138163,,VETGWT,ug/kg
lobith.ponton,"Lobith, ponton",meting,MASSFTE,ZS,"Massafractie 1,2,3,4-tetrachloorbenzeen in Zwevende stof t.o.v. drooggewicht in ug/kg",NVT,NVT,1234T4ClBen,,dg,ug/kg
lobith.ponton,"Lobith, ponton",meting,MASSFTE,ZS,"Massafractie 1,2,3,5-tetrachloorbenzeen in Zwevende stof t.o.v. drooggewicht in ug/kg",NVT,NVT,1235T4ClBen,,dg,ug/kg
lobith.ponton,"Lobith, ponton",meting,MASSFTE,ZS,"Massafractie 1,2,3-trichloorbenzeen in Zwevende stof t.o.v. drooggewicht in ug/kg",NVT,NVT,123TClBen,,dg,ug/kg
lobith.ponton,"Lobith, ponton",meting,MASSFTE,ZS,"Massafractie 1,2,4,5-tetrachloorbenzeen in Zwevende stof t.o.v. drooggewicht in ug/kg",NVT,NVT,1245T4ClBen,,dg,ug/kg
lobith.ponton,"Lobith, ponton",meting,MASSFTE,ZS,"Massafractie 1,2,4-trichloorbenzeen in Zwevende stof t.o.v. drooggewicht in ug/kg",NVT,NVT,124TClBen,,dg,ug/kg
lobith.ponton,"Lobith, ponton",meting,MASSFTE,ZS,"Massafractie 1,2-dichloorbenzeen in Zwevende stof t.o.v. drooggewicht in ug/kg",NVT,NVT,12DClBen,,dg,ug/kg
lobith.ponton,"Lobith, ponton",meting,MASSFTE,ZS,"Massafractie 1,3,5-trichloorbenzeen in Zwevende stof t.o.v. drooggewicht in ug/kg",NVT,NVT,135TClBen,,dg,ug/kg
lobith.ponton,"Lobith, ponton",meting,MASSFTE,ZS,"Massafractie 1,3-dichloorbenzeen in Zwevende stof t.o.v. drooggewicht in ug/kg",NVT,NVT,13DClBen,,dg,ug/kg
lobith.ponton,"Lobith, ponton",meting,MASSFTE,ZS,"Massafractie 1,4-dichloorbenzeen in Zwevende stof t.o.v. drooggewicht in ug/kg",NVT,NVT,14DClBen,,dg,ug/kg
lobith.ponton,"Lobith, ponton",meting,MASSFTE,ZS,Massafractie 1-chloor-2-nitrobenzeen in Zwevende stof t.o.v. drooggewicht in ug/kg,NVT,NVT,1Cl2NO2Ben,,dg,ug/kg
lobith.ponton,"Lobith, ponton",meting,MASSFTE,ZS,Massafractie 1-chloor-3-nitrobenzeen in Zwevende stof t.o.v. drooggewicht in ug/kg,NVT,NVT,1Cl3NO2Ben,,dg,ug/kg
lobith.ponton,"Lobith, ponton",meting,MASSFTE,ZS,Massafractie 1-chloor-4-nitrobenzeen in Zwevende stof t.o.v. drooggewicht in ug/kg,NVT,NVT,1Cl4NO2Ben,,dg,ug/kg
lobith.ponton,"Lobith, ponton",meting,MASSFTE,ZS,"Massafractie 2,3-dichloornitrobenzeen in Zwevende stof t.o.v. drooggewicht in ug/kg",NVT,NVT,23DClNO2Ben,,dg,ug/kg
lobith.ponton,"Lobith, ponton",meting,MASSFTE,ZS,"Massafractie 2,4-dichloornitrobenzeen in Zwevende stof t.o.v. drooggewicht in ug/kg",NVT,NVT,24DClNO2Ben,,dg,ug/kg
lobith.ponton,"Lobith, ponton",meting,MASSFTE,ZS,"Massafractie 2,4'-dichloordifenyldichloorethaan in Zwevende stof t.o.v. drooggewicht in ug/kg",NVT,NVT,24DDD,,dg,ug/kg
lobith.ponton,"Lobith, ponton",meting,MASSFTE,ZS,"Massafractie 2,4'-dichloordifenyldichlooretheen in Zwevende stof t.o.v. drooggewicht in ug/kg",NVT,NVT,24DDE,,dg,ug/kg
lobith.ponton,"Lobith, ponton",meting,MASSFTE,ZS,"Massafractie 2,4'-dichloordifenyltrichloorethaan in Zwevende stof t.o.v. drooggewicht in ug/kg",NVT,NVT,24DDT,,dg,ug/kg
lobith.ponton,"Lobith, ponton",meting,MASSFTE,ZS,"Massafractie 2,5-dichloornitrobenzeen in Zwevende stof t.o.v. drooggewicht in ug/kg",NVT,NVT,25DClNO2Ben,,dg,ug/kg
lobith.ponton,"Lobith, ponton",meting,MASSFTE,ZS,"Massafractie 3,4-dichloornitrobenzeen in Zwevende stof t.o.v. drooggewicht in ug/kg",NVT,NVT,34DClNO2Ben,,dg,ug/kg
lobith.ponton,"Lobith, ponton",meting,MASSFTE,ZS,"Massafractie 4,4'-dichloordifenyldichloorethaan in Zwevende stof t.o.v. drooggewicht in ug/kg",NVT,NVT,44DDD,,dg,ug/kg
lobith.ponton,"Lobith, ponton",meting,MASSFTE,ZS,"Massafractie 4,4'-dichloordifenyldichlooretheen in Zwevende stof t.o.v. drooggewicht in ug/kg",NVT,NVT,44DDE,,dg,ug/kg
lobith.ponton,"Lobith, ponton",meting,MASSFTE,ZS,"Massafractie 4,4'-dichloordifenyltrichloorethaan in Zwevende stof t.o.v. drooggewicht in ug/kg",NVT,NVT,44DDT,,dg,ug/kg
lobith.ponton,"Lobith, ponton",meting,MASSFTE,ZS,Massafractie alfa-endosulfan in Zwevende stof t.o.v. drooggewicht in ug/kg,NVT,NVT,aedsfn,,dg,ug/kg
lobith.ponton,"Lobith, ponton",meting,MASSFTE,ZS,Massafractie alfa-hexachloorcyclohexaan in Zwevende stof t.o.v. drooggewicht in ug/kg,NVT,NVT,aHCH,,dg,ug/kg
lobith.ponton,"Lobith, ponton",meting,MASSFTE,ZS,Massafractie aldrin in Zwevende stof t.o.v. drooggewicht in ug/kg,NVT,NVT,aldn,,dg,ug/kg
lobith.ponton,"Lobith, ponton",meting,MASSFTE,ZS,Massafractie beta-endosulfan in Zwevende stof t.o.v. drooggewicht in ug/kg,NVT,NVT,bedsfn,,dg,ug/kg
lobith.ponton,"Lobith, ponton",meting,MASSFTE,ZS,Massafractie beta-hexachloorcyclohexaan in Zwevende stof t.o.v. drooggewicht in ug/kg,NVT,NVT,bHCH,,dg,ug/kg
lobith.ponton,"Lobith, ponton",meting,MASSFTE,ZS,Massafractie cis-chloordaan in Zwevende stof t.o.v. drooggewicht in ug/kg,NVT,NVT,cCldn,,dg,ug/kg
lobith.ponton,"Lobith, ponton",meting,MASSFTE,ZS,Massafractie gamma-hexachloorcyclohexaan (lindaan) in Zwevende stof t.o.v. drooggewicht in ug/kg,NVT,NVT,cHCH,,dg,ug/kg
lobith.ponton,"Lobith, ponton",meting,MASSFTE,ZS,Massafractie cis-heptachloorepoxide in Zwevende stof t.o.v. drooggewicht in ug/kg,NVT,NVT,cHpClepO,,dg,ug/kg
lobith.ponton,"Lobith, ponton",meting,MASSFTE,ZS,Massafractie dibutyltin (kation) in Zwevende stof t.o.v. drooggewicht in ug/kg,NVT,NVT,DC4ySn,,dg,ug/kg
lobith.ponton,"Lobith, ponton",meting,MASSFTE,ZS,Massafractie difenyltin (kation) in Zwevende stof t.o.v. drooggewicht in ug/kg,NVT,NVT,DFySn,,dg,ug/kg
lobith.ponton,"Lobith, ponton",meting,MASSFTE,ZS,Massafractie delta-hexachloorcyclohexaan in Zwevende stof t.o.v. drooggewicht in ug/kg,NVT,NVT,dHCH,,dg,ug/kg
lobith.ponton,"Lobith, ponton",meting,MASSFTE,ZS,Massafractie dieldrin in Zwevende stof t.o.v. drooggewicht in ug/kg,NVT,NVT,dieldn,,dg,ug/kg
lobith.ponton,"Lobith, ponton",meting,MASSFTE,ZS,Massafractie endrin in Zwevende stof t.o.v. drooggewicht in ug/kg,NVT,NVT,endn,,dg,ug/kg
lobith.ponton,"Lobith, ponton",meting,MASSFTE,ZS,Massafractie endosulfansulfaat in Zwevende stof t.o.v. drooggewicht in ug/kg,NVT,NVT,endsfSO4,,dg,ug/kg
lobith.ponton,"Lobith, ponton",meting,MASSFTE,ZS,Massafractie hexachloorbenzeen in Zwevende stof t.o.v. drooggewicht in ug/kg,NVT,NVT,HCB,,dg,ug/kg
lobith.ponton,"Lobith, ponton",meting,MASSFTE,ZS,Massafractie heptachloor in Zwevende stof t.o.v. drooggewicht in ug/kg,NVT,NVT,HpCl,,dg,ug/kg
lobith.ponton,"Lobith, ponton",meting,MASSFTE,ZS,Massafractie hexachloorbutadieen in Zwevende stof t.o.v. drooggewicht in ug/kg,NVT,NVT,HxClbtDen,,dg,ug/kg
lobith.ponton,"Lobith, ponton",meting,MASSFTE,ZS,Massafractie hexachloorethaan in Zwevende stof t.o.v. drooggewicht in ug/kg,NVT,NVT,HxClC2a,,dg,ug/kg
lobith.ponton,"Lobith, ponton",meting,MASSFTE,ZS,Massafractie isodrin in Zwevende stof t.o.v. drooggewicht in ug/kg,NVT,NVT,idn,,dg,ug/kg
lobith.ponton,"Lobith, ponton",meting,MASSFTE,ZS,Massafractie monobutyltin (kation) in Zwevende stof t.o.v. drooggewicht in ug/kg,NVT,NVT,MC4ySn,,dg,ug/kg
lobith.ponton,"Lobith, ponton",meting,MASSFTE,ZS,Massafractie monofenyltin (kation) in Zwevende stof t.o.v. drooggewicht in ug/kg,NVT,NVT,MFySn,,dg,ug/kg
lobith.ponton,"Lobith, ponton",meting,MASSFTE,ZS,"Massafractie 2,2',4,4',6-pentabroomdifenylether in Zwevende stof t.o.v. drooggewicht in ug/kg",NVT,NVT,PBDE100,,dg,ug/kg
lobith.ponton,"Lobith, ponton",meting,MASSFTE,ZS,"Massafractie 2,2',3,4,4',5'-hexabroomdifenylether in Zwevende stof t.o.v. drooggewicht in ug/kg",NVT,NVT,PBDE138,,dg,ug/kg
lobith.ponton,"Lobith, ponton",meting,MASSFTE,ZS,"Massafractie 2,2',4,4',5,5'-hexabroomdifenylether in Zwevende stof t.o.v. drooggewicht in ug/kg",NVT,NVT,PBDE153,,dg,ug/kg
lobith.ponton,"Lobith, ponton",meting,MASSFTE,ZS,"Massafractie 2,2',4,4',5,6'-hexabroomdifenylether in Zwevende stof t.o.v. drooggewicht in ug/kg",NVT,NVT,PBDE154,,dg,ug/kg
lobith.ponton,"Lobith, ponton",meting,MASSFTE,ZS,"Massafractie 2,2',3,4,4',5',6-heptabroomdifenylether in Zwevende stof t.o.v. drooggewicht in ug/kg",NVT,NVT,PBDE183,,dg,ug/kg
lobith.ponton,"Lobith, ponton",meting,MASSFTE,ZS,"Massafractie 1,2,3,4,5-pentabroom-6-(2,5-dibroomfenoxy)benzeen in Zwevende stof t.o.v. drooggewicht in ug/kg",NVT,NVT,PBDE185,,dg,ug/kg
lobith.ponton,"Lobith, ponton",meting,MASSFTE,ZS,"Massafractie 2,2',3,3',4,4',5,5',6,6'-decabroomdiphenylether in Zwevende stof t.o.v. drooggewicht in ug/kg",NVT,NVT,PBDE209,,dg,ug/kg
lobith.ponton,"Lobith, ponton",meting,MASSFTE,ZS,"Massafractie 2,4,4'-tribroomdifenylether in Zwevende stof t.o.v. drooggewicht in ug/kg",NVT,NVT,PBDE28,,dg,ug/kg
lobith.ponton,"Lobith, ponton",meting,MASSFTE,ZS,"Massafractie 2,2',4,4'-tetrabroomdifenylether in Zwevende stof t.o.v. drooggewicht in ug/kg",NVT,NVT,PBDE47,,dg,ug/kg
lobith.ponton,"Lobith, ponton",meting,MASSFTE,ZS,"Massafractie 2,2',4,5'-tetrabroomdifenylether in Zwevende stof t.o.v. drooggewicht in ug/kg",NVT,NVT,PBDE49,,dg,ug/kg
lobith.ponton,"Lobith, ponton",meting,MASSFTE,ZS,"Massafractie 2,2',4,6'-tetrabroomdifenylether in Zwevende stof t.o.v. drooggewicht in ug/kg",NVT,NVT,PBDE51,,dg,ug/kg
lobith.ponton,"Lobith, ponton",meting,MASSFTE,ZS,"Massafractie 2,3',4,4'-tetrabroomdifenylether in Zwevende stof t.o.v. drooggewicht in ug/kg",NVT,NVT,PBDE66,,dg,ug/kg
lobith.ponton,"Lobith, ponton",meting,MASSFTE,ZS,"Massafractie 2,3',4',6-tetrabroomdifenylether in Zwevende stof t.o.v. drooggewicht in ug/kg",NVT,NVT,PBDE71,,dg,ug/kg
lobith.ponton,"Lobith, ponton",meting,MASSFTE,ZS,"Massafractie 2,4,4',6-tetrabroomdifenylether in Zwevende stof t.o.v. drooggewicht in ug/kg",NVT,NVT,PBDE75,,dg,ug/kg
lobith.ponton,"Lobith, ponton",meting,MASSFTE,ZS,"Massafractie 2,2',3,4,4'-pentabroomdifenylether in Zwevende stof t.o.v. drooggewicht in ug/kg",NVT,NVT,PBDE85,,dg,ug/kg
lobith.ponton,"Lobith, ponton",meting,MASSFTE,ZS,"Massafractie 2,2',4,4',5-pentabroomdifenylether in Zwevende stof t.o.v. drooggewicht in ug/kg",NVT,NVT,PBDE99,,dg,ug/kg
lobith.ponton,"Lobith, ponton",meting,MASSFTE,ZS,"Massafractie 2,2',4,5,5'-pentachloorbifenyl in Zwevende stof t.o.v. drooggewicht in ug/kg",NVT,NVT,PCB101,,dg,ug/kg
lobith.ponton,"Lobith, ponton",meting,MASSFTE,ZS,"Massafractie 2,3',4,4',5-pentachloorbifenyl in Zwevende stof t.o.v. drooggewicht in ug/kg",NVT,NVT,PCB118,,dg,ug/kg
lobith.ponton,"Lobith, ponton",meting,MASSFTE,ZS,"Massafractie 2,2',3,4,4',5'-hexachloorbifenyl in Zwevende stof t.o.v. drooggewicht in ug/kg",NVT,NVT,PCB138,,dg,ug/kg
lobith.ponton,"Lobith, ponton",meting,MASSFTE,ZS,"Massafractie 2,2',4,4',5,5'-hexachloorbifenyl in Zwevende stof t.o.v. drooggewicht in ug/kg",NVT,NVT,PCB153,,dg,ug/kg
lobith.ponton,"Lobith, ponton",meting,MASSFTE,ZS,"Massafractie 2,2',3,4,4',5,5'-heptachloorbifenyl in Zwevende stof t.o.v. drooggewicht in ug/kg",NVT,NVT,PCB180,,dg,ug/kg
lobith.ponton,"Lobith, ponton",meting,MASSFTE,ZS,"Massafractie 2,4,4'-trichloorbifenyl in Zwevende stof t.o.v. drooggewicht in ug/kg",NVT,NVT,PCB28,,dg,ug/kg
lobith.ponton,"Lobith, ponton",meting,MASSFTE,ZS,"Massafractie 2,2',5,5'-tetrachloorbifenyl in Zwevende stof t.o.v. drooggewicht in ug/kg",NVT,NVT,PCB52,,dg,ug/kg
lobith.ponton,"Lobith, ponton",meting,MASSFTE,ZS,Massafractie pentachloorbenzeen in Zwevende stof t.o.v. drooggewicht in ug/kg,NVT,NVT,PeClBen,,dg,ug/kg
lobith.ponton,"Lobith, ponton",meting,MASSFTE,ZS,Massafractie pentachloorfenol in Zwevende stof t.o.v. drooggewicht in ug/kg,NVT,NVT,PeClFol,,dg,ug/kg
lobith.ponton,"Lobith, ponton",meting,MASSFTE,ZS,"Massafractie som 1,2- en 1,4-dichloorbenzeen in Zwevende stof t.o.v. drooggewicht in ug/kg",NVT,NVT,s1214DClBen,,dg,ug/kg
lobith.ponton,"Lobith, ponton",meting,MASSFTE,ZS,Massafractie som 1-chloor-2- en 4-nitrobenzeen in Zwevende stof t.o.v. drooggewicht in ug/kg,NVT,NVT,s1Cl24NO2Ben,,dg,ug/kg
lobith.ponton,"Lobith, ponton",meting,MASSFTE,ZS,Massafractie som chloordaan (som cis- en trans-) in Zwevende stof t.o.v. drooggewicht in ug/kg,NVT,NVT,sCldn,,dg,ug/kg
lobith.ponton,"Lobith, ponton",meting,MASSFTE,ZS,"Massafractie som 2,3-, 2,4-, 2,5- en 3,4-dichloornitrobenzeen in Zwevende stof t.o.v. drooggewicht in ug/kg",NVT,NVT,sDClNO2Ben4,,dg,ug/kg
lobith.ponton,"Lobith, ponton",meting,MASSFTE,ZS,"Massafractie som 2,4'- en 4,4'-DDD in Zwevende stof t.o.v. drooggewicht in ug/kg",NVT,NVT,sDDD,,dg,ug/kg
lobith.ponton,"Lobith, ponton",meting,MASSFTE,ZS,"Massafractie som 2,4'- en 4,4'-DDE in Zwevende stof t.o.v. drooggewicht in ug/kg",NVT,NVT,sDDE,,dg,ug/kg
lobith.ponton,"Lobith, ponton",meting,MASSFTE,ZS,"Massafractie som 2,4'- en 4,4'-DDT in Zwevende stof t.o.v. drooggewicht in ug/kg",NVT,NVT,sDDT,,dg,ug/kg
lobith.ponton,"Lobith, ponton",meting,MASSFTE,ZS,"Massafractie som 2,4'-DDT, 4,4'-DDT, 4,4'-DDD en 4,4'-DDE in Zwevende stof t.o.v. drooggewicht in ug/kg",NVT,NVT,sDDX4,,dg,ug/kg
lobith.ponton,"Lobith, ponton",meting,MASSFTE,ZS,"Massafractie som 2,4'-, 4,4'-DDT, 2,4'-, 4,4'-DDD, 2,4'- en 4,4'-DDE in Zwevende stof t.o.v. drooggewicht in ug/kg",NVT,NVT,sDDX6,,dg,ug/kg
lobith.ponton,"Lobith, ponton",meting,MASSFTE,ZS,"Massafractie som aldrin, dieldrin en endrin in Zwevende stof t.o.v. drooggewicht in ug/kg",NVT,NVT,sdrin3,,dg,ug/kg
lobith.ponton,"Lobith, ponton",meting,MASSFTE,ZS,"Massafractie som a-, b-, c- en d-HCH in Zwevende stof t.o.v. drooggewicht in ug/kg",NVT,NVT,sHCH4,,dg,ug/kg
lobith.ponton,"Lobith, ponton",meting,MASSFTE,ZS,Massafractie som heptachloorepoxide (som cis- en trans-) in Zwevende stof t.o.v. drooggewicht in ug/kg,NVT,NVT,sHpClepO,,dg,ug/kg
lobith.ponton,"Lobith, ponton",meting,MASSFTE,ZS,Massafractie som 21 organochloorhoudende bestrijdingsmiddelen in Zwevende stof t.o.v. drooggewicht in ug/kg,NVT,NVT,sOCB21,,dg,ug/kg
lobith.ponton,"Lobith, ponton",meting,MASSFTE,ZS,Massafractie som 23 organochloorhoudende bestrijdingsmiddelen in Zwevende stof t.o.v. drooggewicht in ug/kg,NVT,NVT,sOCB23,,dg,ug/kg
lobith.ponton,"Lobith, ponton",meting,MASSFTE,ZS,"Massafractie som 7 polychloorbifenylen PCB28, 52, 101, 118, 138, 153, 180 in Zwevende stof t.o.v. drooggewicht in ug/kg",NVT,NVT,sPCB7,,dg,ug/kg
lobith.ponton,"Lobith, ponton",meting,MASSFTE,ZS,Massafractie som tetrachloorbenzeen-isomeren in Zwevende stof t.o.v. drooggewicht in ug/kg,NVT,NVT,sT4ClBen,,dg,ug/kg
lobith.ponton,"Lobith, ponton",meting,MASSFTE,ZS,Massafractie tetrabutyltin in Zwevende stof t.o.v. drooggewicht in ug/kg,NVT,NVT,T4C4ySn,,dg,ug/kg
lobith.ponton,"Lobith, ponton",meting,MASSFTE,ZS,Massafractie tributyltin (kation) in Zwevende stof t.o.v. drooggewicht in ug/kg,NVT,NVT,TC4ySn,,dg,ug/kg
lobith.ponton,"Lobith, ponton",meting,MASSFTE,ZS,Massafractie trichloorbenzeen in Zwevende stof t.o.v. drooggewicht in ug/kg,NVT,NVT,TClBen,,dg,ug/kg
lobith.ponton,"Lobith, ponton",meting,MASSFTE,ZS,Massafractie trans-chloordaan in Zwevende stof t.o.v. drooggewicht in ug/kg,NVT,NVT,tCldn,,dg,ug/kg
lobith.ponton,"Lobith, ponton",meting,MASSFTE,ZS,Massafractie telodrin in Zwevende stof t.o.v. drooggewicht in ug/kg,NVT,NVT,teldn,,dg,ug/kg
lobith.ponton,"Lobith, ponton",meting,MASSFTE,ZS,Massafractie trifenyltin (kation) in Zwevende stof t.o.v. drooggewicht in ug/kg,NVT,NVT,TFySn,,dg,ug/kg
lobith.ponton,"Lobith, ponton",meting,MASSFTE,ZS,Massafractie trans-heptachloorepoxide in Zwevende stof t.o.v. drooggewicht in ug/kg,NVT,NVT,tHpClepO,,dg,ug/kg
lobith.ponton,"Lobith, ponton",meting,MASSFTE,ZS,Massafractie cyhexatin in Zwevende stof uitgedrukt in tin / drooggewicht in ug/kg,NVT,NVT,cyhxtn,,Sndg,ug/kg
lobith.ponton,"Lobith, ponton",meting,MASSFTE,ZS,Massafractie dibutyltin (kation) in Zwevende stof uitgedrukt in tin / drooggewicht in ug/kg,NVT,NVT,DC4ySn,,Sndg,ug/kg
lobith.ponton,"Lobith, ponton",meting,MASSFTE,ZS,Massafractie dicyclohexyltinoxide in Zwevende stof uitgedrukt in tin / drooggewicht in ug/kg,NVT,NVT,DccC6ySnO,,Sndg,ug/kg
lobith.ponton,"Lobith, ponton",meting,MASSFTE,ZS,Massafractie difenyltin (kation) in Zwevende stof uitgedrukt in tin / drooggewicht in ug/kg,NVT,NVT,DFySn,,Sndg,ug/kg
lobith.ponton,"Lobith, ponton",meting,MASSFTE,ZS,Massafractie fenbutatinoxide in Zwevende stof uitgedrukt in tin / drooggewicht in ug/kg,NVT,NVT,fenbtSnO,,Sndg,ug/kg
lobith.ponton,"Lobith, ponton",meting,MASSFTE,ZS,Massafractie monobutyltin (kation) in Zwevende stof uitgedrukt in tin / drooggewicht in ug/kg,NVT,NVT,MC4ySn,,Sndg,ug/kg
lobith.ponton,"Lobith, ponton",meting,MASSFTE,ZS,Massafractie monofenyltin (kation) in Zwevende stof uitgedrukt in tin / drooggewicht in ug/kg,NVT,NVT,MFySn,,Sndg,ug/kg
lobith.ponton,"Lobith, ponton",meting,MASSFTE,ZS,Massafractie tetrabutyltin in Zwevende stof uitgedrukt in tin / drooggewicht in ug/kg,NVT,NVT,T4C4ySn,,Sndg,ug/kg
lobith.ponton,"Lobith, ponton",meting,MASSFTE,ZS,Massafractie tributyltin (kation) in Zwevende stof uitgedrukt in tin / drooggewicht in ug/kg,NVT,NVT,TC4ySn,,Sndg,ug/kg
lobith.ponton,"Lobith, ponton",meting,MASSFTE,ZS,Massafractie trifenyltin (kation) in Zwevende stof uitgedrukt in tin / drooggewicht in ug/kg,NVT,NVT,TFySn,,Sndg,ug/kg
lobith.ponton,"Lobith, ponton",meting,NG,ZS,Natgewicht in Zwevende stof in g,NVT,NVT,NVT,,NVT,g
lobith.ponton,"Lobith, ponton",meting,NGWTTL,ZS,Nat gewicht totaal in Zwevende stof in g,NVT,NVT,NVT,,NVT,g
lobith.ponton,"Lobith, ponton",meting,NVT,LT,Bewolkingsgraad in Lucht,NVT,BEWKGD,NVT,,NVT,DIMSLS
lobith.ponton,"Lobith, ponton",meting,NVT,LT,Neerslagvorm in Lucht,NVT,NEERSVM,NVT,,NVT,DIMSLS
lobith.ponton,"Lobith, ponton",meting,NVT,OW,Kleur intensiteit in Oppervlaktewater uitgedrukt volgens PtCo-schaal,NVT,KLEURITSTT,NVT,,PtCo,DIMSLS
lobith.ponton,"Lobith, ponton",meting,NVT,OW,"2,3,3,3-tetrafluorpropaanzuur in Oppervlaktewater in ug/l",NVT,NVT,2333TFPA,,NVT,ug/l
lobith.ponton,"Lobith, ponton",meting,NVT,OW,2-naftaleensulfonzuur in Oppervlaktewater in ug/l,NVT,NVT,2Nafsfzr,,NVT,ug/l
lobith.ponton,"Lobith, ponton",meting,NVT,OW,perfluorpropaanzuur in Oppervlaktewater in ug/l,NVT,NVT,PFPrA,,NVT,ug/l
lobith.ponton,"Lobith, ponton",meting,PMV,OW,Kaliumpermanganaat verbruik in Oppervlaktewater in mg/l,NVT,NVT,NVT,,NVT,mg/l
lobith.ponton,"Lobith, ponton",meting,REUK,OW,Reuk in Oppervlaktewater,NVT,NVT,NVT,,NVT,DIMSLS
lobith.ponton,"Lobith, ponton",meting,SALNTT,OW,Saliniteit in Oppervlaktewater,NVT,NVT,NVT,,NVT,DIMSLS
lobith.ponton,"Lobith, ponton",meting,T,OW,Gemiddelde Temperatuur in Oppervlaktewater in oC,GEM,NVT,NVT,,NVT,oC
lobith.ponton,"Lobith, ponton",meting,T,OW,Zes-uursgemiddelde Temperatuur in Oppervlaktewater in oC,GEM6H,NVT,NVT,,NVT,oC
lobith.ponton,"Lobith, ponton",meting,T,OW,Uurgemiddelde Temperatuur in Oppervlaktewater in oC,GEMH,NVT,NVT,,NVT,oC
lobith.ponton,"Lobith, ponton",meting,T,OW,Temperatuur in Oppervlaktewater in oC,NVT,NVT,NVT,,NVT,oC
lobith.ponton,"Lobith, ponton",meting,TELFAFA,OW,Percentage telfout alfa activiteit in Oppervlaktewater in %,NVT,NVT,NVT,,NVT,%
lobith.ponton,"Lobith, ponton",meting,TELFBTA,OW,Percentage telfout beta activiteit in Oppervlaktewater in %,NVT,NVT,NVT,,NVT,%
lobith.ponton,"Lobith, ponton",meting,TELFH3,OW,Percentage telfout beta activiteit van tritium in Oppervlaktewater in %,NVT,NVT,NVT,,NVT,%
lobith.ponton,"Lobith, ponton",meting,TROEBHD,OW,Gemiddelde Troebelheid in Oppervlaktewater in FTU,GEM,NVT,NVT,,NVT,FTU
lobith.ponton,"Lobith, ponton",meting,TROEBHD,OW,Etmaalgemiddelde Troebelheid in Oppervlaktewater in FTU,GEM24H,NVT,NVT,,NVT,FTU
lobith.ponton,"Lobith, ponton",meting,TROEBHD,OW,Troebelheid in Oppervlaktewater in FTU,NVT,NVT,NVT,,NVT,FTU
lobith.ponton,"Lobith, ponton",meting,TROEBHD,OW,Gemiddelde Troebelheid in Oppervlaktewater in NTU,GEM,NVT,NVT,,NVT,NTU
lobith.ponton,"Lobith, ponton",meting,VERZDGGD,OW,Etmaalgemiddelde Verzadigingsgraad zuurstof in Oppervlaktewater in %,GEM24H,NVT,O2,,NVT,%
lobith.ponton,"Lobith, ponton",meting,VERZDGGD,OW,Zes-uursgemiddelde Verzadigingsgraad zuurstof in Oppervlaktewater in %,GEM6H,NVT,O2,,NVT,%
lobith.ponton,"Lobith, ponton",meting,VERZDGGD,OW,Verzadigingsgraad zuurstof in Oppervlaktewater in %,NVT,NVT,O2,,NVT,%
lobith.ponton,"Lobith, ponton",meting,VOLME,ZS,Volume in Zwevende stof in l,NVT,NVT,NVT,,NVT,l
lobith.ponton,"Lobith, ponton",meting,VOLMFTE,OW,Volumefractie chlorofyl-a in Oppervlaktewater in %,NVT,NVT,CHLFa,,NVT,%
lobith.ponton,"Lobith, ponton",meting,WINDRTG,LT,Windrichting in Lucht t.o.v. ware Noorden in graad,NVT,NVT,NVT,,WARNDN,graad
lobith.ponton,"Lobith, ponton",meting,WINDSHD,LT,Windsnelheid in Lucht in m/s,NVT,NVT,NVT,,NVT,m/s
lobith.ponton,"Lobith, ponton",meting,ZICHT,OW,Doorzicht in Oppervlaktewater in dm,NVT,NVT,NVT,,NVT,dm
lobith.ponton,"Lobith, ponton",meting,delta13C,OE,Verhouding isotopen koolstof 13/koolstof-12 in Organisme (biota) t.o.v. drooggewicht in Rutilus rutilus ‰,NVT,NVT,NVT,,dg,‰
lobith.ponton,"Lobith, ponton",meting,delta15N,OE,Verhouding isotopen stikstof-15/stikstof-14 in Organisme (biota) t.o.v. drooggewicht in Rutilus rutilus ‰,NVT,NVT,NVT,,dg,‰
lobith.ponton,"Lobith, ponton",meting,pH,OW,Gemiddelde Zuurgraad in Oppervlaktewater,GEM,NVT,NVT,,NVT,DIMSLS
lobith.ponton,"Lobith, ponton",meting,pH,OW,Etmaalgemiddelde Zuurgraad in Oppervlaktewater,GEM24H,NVT,NVT,,NVT,DIMSLS
lobith.ponton,"Lobith, ponton",meting,pH,OW,Zuurgraad in Oppervlaktewater,NVT,NVT,NVT,,NVT,DIMSLS
millingenaanderijn,Millingen a/d Rijn,meting,Q,OW,Debiet in Oppervlaktewater in m3/s,NVT,NVT,NVT,,NVT,m3/s
millingenaanderijn.km866,"Millingen aan de Rijn, km 866",meting,KGF,BS,Korrelgroottefractie in Bodem/Sediment t.o.v. drooggewicht in %,NVT,NVT,NVT,,dg,%
millingenaanderijn.km866,"Millingen aan de Rijn, km 866",meting,MASSFTE,BS,Massafractie calciumcarbonaat in Bodem/Sediment t.o.v. drooggewicht in %,NVT,NVT,CaCO3,,dg,%
millingenaanderijn.km866,"Millingen aan de Rijn, km 866",meting,MASSFTE,BS,Massafractie Organisch stof in Bodem/Sediment t.o.v. drooggewicht in %,NVT,NVT,OSTOF,,dg,%
millingenaanderijn.km866,"Millingen aan de Rijn, km 866",meting,MASSFTE,BS,Massafractie Droge stof in Bodem/Sediment in %,NVT,NVT,DS,,NVT,%
millingenaanderijn.km866,"Millingen aan de Rijn, km 866",meting,pH,BS,Zuurgraad in Bodem/Sediment,NVT,NVT,NVT,,NVT,DIMSLS
millingenaanderijn.pannerdensekop,Millingen a/d Rijn Pannerdense Kop,meting,50%_L,OW,Percentielen per etmaal Levendigheid 50 percentiel van de levendigheid in Oppervlaktewater in cm2,other:%24H,LEVDHD,NVT,LEVDHD5,NVT,cm2
millingenaanderijn.pannerdensekop,Millingen a/d Rijn Pannerdense Kop,meting,70%_L,OW,Percentielen per etmaal Levendigheid 70 percentiel van de levendigheid in Oppervlaktewater in cm2,other:%24H,LEVDHD,NVT,LEVDHD5,NVT,cm2
millingenaanderijn.pannerdensekop,Millingen a/d Rijn Pannerdense Kop,meting,80%_L,OW,Percentielen per etmaal Levendigheid 80 percentiel van de levendigheid in Oppervlaktewater in cm2,other:%24H,LEVDHD,NVT,LEVDHD5,NVT,cm2
millingenaanderijn.pannerdensekop,Millingen a/d Rijn Pannerdense Kop,meting,90%_L,OW,Percentielen per etmaal Levendigheid 90 percentiel van de levendigheid in Oppervlaktewater in cm2,other:%24H,LEVDHD,NVT,LEVDHD5,NVT,cm2
millingenaanderijn.pannerdensekop,Millingen a/d Rijn Pannerdense Kop,meting,NVT,OW,Levendigheid in Oppervlaktewater in cm2,NVT,LEVDHD,NVT,,NVT,cm2
millingenaanderijn.pannerdensekop,Millingen a/d Rijn Pannerdense Kop,meting,NVT,OW,Percentielen per etmaal Levendigheid in Oppervlaktewater in cm2,other:%24H,LEVDHD,NVT,LEVDHD5,NVT,cm2
millingenaanderijn.pannerdensekop,Millingen a/d Rijn Pannerdense Kop,meting,Q,OW,Etmaalgemiddelde Debiet in Oppervlaktewater in m3/s,GEM24H,NVT,NVT,,NVT,m3/s
millingenaanderijn.pannerdensekop,Millingen a/d Rijn Pannerdense Kop,meting,Q,OW,Debiet in Oppervlaktewater in m3/s,NVT,NVT,NVT,,NVT,m3/s
millingenaanderijn.pannerdensekop,Millingen a/d Rijn Pannerdense Kop,meting,WATHTE,OW,Waterhoogte in Oppervlaktewater t.o.v. Normaal Amsterdams Peil in cm,NVT,NVT,NVT,,NAP,cm
millingenaanderijn.pannerdensekop,Millingen a/d Rijn Pannerdense Kop,verwachting,WATHTE,OW,Waterhoogte verwachting in Oppervlaktewater t.o.v. Normaal Amsterdams Peil in cm,NVT,NVT,NVT,,NAP,cm
